retrieved_at_utc,path,sha256,source,url,status,detail
2026-09-07T10:18:03.919418+00:00,data/raw/universe/nifty_smallcap_250_2026-09-07.csv,94c317be611993fe19861795516d9784f4ccb44bdf7fd56d1382d7bc05d99d1c,Nifty Indices current constituent file,https://www.niftyindices.com/IndexConstituent/ind_niftysmallcap250list.csv,downloaded,
2026-09-07T10:20:16.812527+00:00,data/raw/news/gdelt/SAILIFE/2026-09-06.json,,GDELT 2.1 DOC API,https://api.gdeltproject.org/api/v2/doc/doc?format=json&mode=artlist&maxrecords=250&query=%22Sai+Life+Sciences+Ltd.%22&startdatetime=20260906000000&enddatetime=20260907000000,failed,response is unexpectedly short
2026-09-07T10:20:48.621555+00:00,data/raw/news/gdelt/SAMMAANCAP/2026-09-06.json,,GDELT 2.1 DOC API,https://api.gdeltproject.org/api/v2/doc/doc?format=json&mode=artlist&maxrecords=250&query=%22Sammaan+Capital+Ltd.%22&startdatetime=20260906000000&enddatetime=20260907000000,failed,response is unexpectedly short
2026-09-07T10:21:06.064772+00:00,data/raw/news/gdelt/SAPPHIRE/2026-09-06.json,,GDELT 2.1 DOC API,https://api.gdeltproject.org/api/v2/doc/doc?format=json&mode=artlist&maxrecords=250&query=%22Sapphire+Foods+India+Ltd.%22&startdatetime=20260906000000&enddatetime=20260907000000,failed,response is unexpectedly short
2026-09-07T10:21:57.388256+00:00,data/raw/news/gdelt/SARDAEN/2026-09-06.json,,GDELT 2.1 DOC API,https://api.gdeltproject.org/api/v2/doc/doc?format=json&mode=artlist&maxrecords=250&query=%22Sarda+Energy+and+Minerals+Ltd.%22&startdatetime=20260906000000&enddatetime=20260907000000,failed,response is unexpectedly short
2026-09-07T10:24:07.991218+00:00,data/raw/news/gdelt/SAREGAMA/2026-09-06.json,,GDELT 2.1 DOC API,https://api.gdeltproject.org/api/v2/doc/doc?format=json&mode=artlist&maxrecords=250&query=%22Saregama+India+Ltd%22&startdatetime=20260906000000&enddatetime=20260907000000,failed,response is unexpectedly short
2026-09-07T10:24:25.310451+00:00,data/raw/news/gdelt/SCHNEIDER/2026-09-06.json,,GDELT 2.1 DOC API,https://api.gdeltproject.org/api/v2/doc/doc?format=json&mode=artlist&maxrecords=250&query=%22Schneider+Electric+Infrastructure+Ltd.%22&startdatetime=20260906000000&enddatetime=20260907000000,failed,response is unexpectedly short
2026-09-07T10:25:49.508788+00:00,data/raw/news/gdelt/SCI/2026-09-06.json,,GDELT 2.1 DOC API,https://api.gdeltproject.org/api/v2/doc/doc?format=json&mode=artlist&maxrecords=250&query=%22Shipping+Corporation+of+India+Ltd.%22&startdatetime=20260906000000&enddatetime=20260907000000,failed,response is unexpectedly short
2026-09-07T10:27:11.075544+00:00,data/raw/news/gdelt/SHYAMMETL/2026-09-06.json,,GDELT 2.1 DOC API,https://api.gdeltproject.org/api/v2/doc/doc?format=json&mode=artlist&maxrecords=250&query=%22Shyam+Metalics+and+Energy+Ltd.%22&startdatetime=20260906000000&enddatetime=20260907000000,failed,response is unexpectedly short
2026-09-07T10:29:15.738491+00:00,data/raw/news/gdelt/SIGNATURE/2026-09-06.json,,GDELT 2.1 DOC API,https://api.gdeltproject.org/api/v2/doc/doc?format=json&mode=artlist&maxrecords=250&query=%22Signatureglobal+%28India%29+Ltd.%22&startdatetime=20260906000000&enddatetime=20260907000000,failed,HTTP Error 429: Too Many Requests
2026-09-07T10:31:34.253698+00:00,data/raw/news/gdelt/SOBHA/2026-09-06.json,,GDELT 2.1 DOC API,https://api.gdeltproject.org/api/v2/doc/doc?format=json&mode=artlist&maxrecords=250&query=%22Sobha+Ltd.%22&startdatetime=20260906000000&enddatetime=20260907000000,failed,HTTP Error 429: Too Many Requests
2026-09-07T10:33:55.670137+00:00,data/raw/news/gdelt/SONACOMS/2026-09-06.json,,GDELT 2.1 DOC API,https://api.gdeltproject.org/api/v2/doc/doc?format=json&mode=artlist&maxrecords=250&query=%22Sona+BLW+Precision+Forgings+Ltd.%22&startdatetime=20260906000000&enddatetime=20260907000000,failed,HTTP Error 429: Too Many Requests
2026-09-07T10:34:28.715737+00:00,data/raw/news/gdelt/SONATSOFTW/2026-09-06.json,,GDELT 2.1 DOC API,https://api.gdeltproject.org/api/v2/doc/doc?format=json&mode=artlist&maxrecords=250&query=%22Sonata+Software+Ltd.%22&startdatetime=20260906000000&enddatetime=20260907000000,failed,response is unexpectedly short
2026-09-07T10:34:45.452916+00:00,data/raw/news/gdelt/STARHEALTH/2026-09-06.json,,GDELT 2.1 DOC API,https://api.gdeltproject.org/api/v2/doc/doc?format=json&mode=artlist&maxrecords=250&query=%22Star+Health+and+Allied+Insurance+Company+Ltd.%22&startdatetime=20260906000000&enddatetime=20260907000000,failed,response is unexpectedly short
2026-09-07T10:36:10.972236+00:00,data/raw/news/gdelt/SUMICHEM/2026-09-06.json,,GDELT 2.1 DOC API,https://api.gdeltproject.org/api/v2/doc/doc?format=json&mode=artlist&maxrecords=250&query=%22Sumitomo+Chemical+India+Ltd.%22&startdatetime=20260906000000&enddatetime=20260907000000,failed,response is unexpectedly short
2026-09-07T10:36:46.221914+00:00,data/raw/news/gdelt/SUNTV/2026-09-06.json,,GDELT 2.1 DOC API,https://api.gdeltproject.org/api/v2/doc/doc?format=json&mode=artlist&maxrecords=250&query=%22Sun+TV+Network+Ltd.%22&startdatetime=20260906000000&enddatetime=20260907000000,failed,response is unexpectedly short
2026-09-07T10:37:40.827170+00:00,data/raw/news/gdelt/SPLPETRO/2026-09-06.json,,GDELT 2.1 DOC API,https://api.gdeltproject.org/api/v2/doc/doc?format=json&mode=artlist&maxrecords=250&query=%22Supreme+Petrochem+Ltd.%22&startdatetime=20260906000000&enddatetime=20260907000000,failed,response is unexpectedly short
2026-09-07T10:38:13.301815+00:00,data/raw/news/gdelt/SWANCORP/2026-09-06.json,,GDELT 2.1 DOC API,https://api.gdeltproject.org/api/v2/doc/doc?format=json&mode=artlist&maxrecords=250&query=%22Swan+Corp+Ltd.%22&startdatetime=20260906000000&enddatetime=20260907000000,failed,response is unexpectedly short
2026-09-07T10:40:29.534472+00:00,data/raw/news/gdelt/SYNGENE/2026-09-06.json,,GDELT 2.1 DOC API,https://api.gdeltproject.org/api/v2/doc/doc?format=json&mode=artlist&maxrecords=250&query=%22Syngene+International+Ltd.%22&startdatetime=20260906000000&enddatetime=20260907000000,failed,HTTP Error 429: Too Many Requests
2026-09-07T10:42:45.057587+00:00,data/raw/news/gdelt/SYRMA/2026-09-06.json,,GDELT 2.1 DOC API,https://api.gdeltproject.org/api/v2/doc/doc?format=json&mode=artlist&maxrecords=250&query=%22Syrma+SGS+Technology+Ltd.%22&startdatetime=20260906000000&enddatetime=20260907000000,failed,HTTP Error 429: Too Many Requests
2026-09-07T10:43:37.860022+00:00,data/raw/news/gdelt/TBOTEK/2026-09-06.json,,GDELT 2.1 DOC API,https://api.gdeltproject.org/api/v2/doc/doc?format=json&mode=artlist&maxrecords=250&query=%22TBO+Tek+Ltd.%22&startdatetime=20260906000000&enddatetime=20260907000000,failed,response is unexpectedly short
2026-09-07T17:45:00.899853+00:00,data/raw/universe/nifty_smallcap_250_2026-09-07.csv,76a2ea1942e23c6cf0bc7264c9a72fcc79fcadbd331397a3353c3d85c18143ce,Nifty Indices current constituent file,https://www.niftyindices.com/IndexConstituent/ind_niftysmallcap250list.csv,downloaded,
2026-09-07T17:45:01.269771+00:00,data/raw/nse_bhavcopy/PR07092026.zip,,NSE Bhavcopy PR archive,https://nsearchives.nseindia.com/content/cm/PR07092026.zip,failed,HTTP Error 404: Not Found
2026-09-07T17:45:01.614797+00:00,data/raw/nse_bhavcopy/PR070926.zip,,NSE Bhavcopy PR archive,https://nsearchives.nseindia.com/content/cm/PR070926.zip,failed,HTTP Error 404: Not Found
2026-09-08T04:35:15.478560+00:00,data/raw/universe/nifty_smallcap_250_2026-09-08.csv,76a2ea1942e23c6cf0bc7264c9a72fcc79fcadbd331397a3353c3d85c18143ce,Nifty Indices current constituent file,https://www.niftyindices.com/IndexConstituent/ind_niftysmallcap250list.csv,downloaded,
2026-09-08T04:37:36.299992+00:00,data/raw/news/gdelt/EIHOTEL/2026-09-07.json,,GDELT 2.1 DOC API,https://api.gdeltproject.org/api/v2/doc/doc?format=json&mode=artlist&maxrecords=250&query=%22EIH+Ltd.%22&startdatetime=20260907000000&enddatetime=20260908000000,failed,response is unexpectedly short
2026-09-08T04:39:47.743621+00:00,data/raw/news/gdelt/ELECON/2026-09-07.json,,GDELT 2.1 DOC API,https://api.gdeltproject.org/api/v2/doc/doc?format=json&mode=artlist&maxrecords=250&query=%22Elecon+Engineering+Co.+Ltd.%22&startdatetime=20260907000000&enddatetime=20260908000000,failed,HTTP Error 429: Too Many Requests
2026-09-08T04:42:06.953884+00:00,data/raw/news/gdelt/ELGIEQUIP/2026-09-07.json,,GDELT 2.1 DOC API,https://api.gdeltproject.org/api/v2/doc/doc?format=json&mode=artlist&maxrecords=250&query=%22Elgi+Equipments+Ltd.%22&startdatetime=20260907000000&enddatetime=20260908000000,failed,HTTP Error 429: Too Many Requests
2026-09-08T04:42:38.616674+00:00,data/raw/news/gdelt/EMAMILTD/2026-09-07.json,,GDELT 2.1 DOC API,https://api.gdeltproject.org/api/v2/doc/doc?format=json&mode=artlist&maxrecords=250&query=%22Emami+Ltd.%22&startdatetime=20260907000000&enddatetime=20260908000000,failed,response is unexpectedly short
2026-09-08T04:42:54.321896+00:00,data/raw/news/gdelt/EMCURE/2026-09-07.json,,GDELT 2.1 DOC API,https://api.gdeltproject.org/api/v2/doc/doc?format=json&mode=artlist&maxrecords=250&query=%22Emcure+Pharmaceuticals+Ltd.%22&startdatetime=20260907000000&enddatetime=20260908000000,failed,response is unexpectedly short
2026-09-08T04:44:16.726569+00:00,data/raw/news/gdelt/EMMVEE/2026-09-07.json,,GDELT 2.1 DOC API,https://api.gdeltproject.org/api/v2/doc/doc?format=json&mode=artlist&maxrecords=250&query=%22Emmvee+Photovoltaic+Power+Ltd.%22&startdatetime=20260907000000&enddatetime=20260908000000,failed,response is unexpectedly short
2026-09-08T04:46:27.555985+00:00,data/raw/news/gdelt/ENGINERSIN/2026-09-07.json,,GDELT 2.1 DOC API,https://api.gdeltproject.org/api/v2/doc/doc?format=json&mode=artlist&maxrecords=250&query=%22Engineers+India+Ltd.%22&startdatetime=20260907000000&enddatetime=20260908000000,failed,HTTP Error 429: Too Many Requests
2026-09-08T04:48:38.746669+00:00,data/raw/news/gdelt/ERIS/2026-09-07.json,,GDELT 2.1 DOC API,https://api.gdeltproject.org/api/v2/doc/doc?format=json&mode=artlist&maxrecords=250&query=%22Eris+Lifesciences+Ltd.%22&startdatetime=20260907000000&enddatetime=20260908000000,failed,HTTP Error 429: Too Many Requests
2026-09-08T04:49:36.423010+00:00,data/raw/news/gdelt/FACT/2026-09-07.json,,GDELT 2.1 DOC API,https://api.gdeltproject.org/api/v2/doc/doc?format=json&mode=artlist&maxrecords=250&query=%22Fertilisers+and+Chemicals+Travancore+Ltd.%22&startdatetime=20260907000000&enddatetime=20260908000000,failed,response is unexpectedly short
2026-09-08T04:50:11.068443+00:00,data/raw/news/gdelt/FINCABLES/2026-09-07.json,,GDELT 2.1 DOC API,https://api.gdeltproject.org/api/v2/doc/doc?format=json&mode=artlist&maxrecords=250&query=%22Finolex+Cables+Ltd.%22&startdatetime=20260907000000&enddatetime=20260908000000,failed,response is unexpectedly short
2026-09-08T04:50:47.214888+00:00,data/raw/news/gdelt/FSL/2026-09-07.json,,GDELT 2.1 DOC API,https://api.gdeltproject.org/api/v2/doc/doc?format=json&mode=artlist&maxrecords=250&query=%22Firstsource+Solutions+Ltd.%22&startdatetime=20260907000000&enddatetime=20260908000000,failed,response is unexpectedly short
2026-09-08T04:53:01.779629+00:00,data/raw/news/gdelt/FIVESTAR/2026-09-07.json,,GDELT 2.1 DOC API,https://api.gdeltproject.org/api/v2/doc/doc?format=json&mode=artlist&maxrecords=250&query=%22Five-Star+Business+Finance+Ltd.%22&startdatetime=20260907000000&enddatetime=20260908000000,failed,HTTP Error 429: Too Many Requests
2026-09-08T04:55:15.749711+00:00,data/raw/news/gdelt/FORCEMOT/2026-09-07.json,,GDELT 2.1 DOC API,https://api.gdeltproject.org/api/v2/doc/doc?format=json&mode=artlist&maxrecords=250&query=%22Force+Motors+Ltd.%22&startdatetime=20260907000000&enddatetime=20260908000000,failed,HTTP Error 429: Too Many Requests
2026-09-08T04:57:26.071878+00:00,data/raw/news/gdelt/GABRIEL/2026-09-07.json,,GDELT 2.1 DOC API,https://api.gdeltproject.org/api/v2/doc/doc?format=json&mode=artlist&maxrecords=250&query=%22Gabriel+India+Ltd.%22&startdatetime=20260907000000&enddatetime=20260908000000,failed,HTTP Error 429: Too Many Requests
2026-09-08T04:58:46.801273+00:00,data/raw/news/gdelt/GALLANTT/2026-09-07.json,,GDELT 2.1 DOC API,https://api.gdeltproject.org/api/v2/doc/doc?format=json&mode=artlist&maxrecords=250&query=%22Gallantt+Ispat+Ltd.%22&startdatetime=20260907000000&enddatetime=20260908000000,failed,response is unexpectedly short
2026-09-08T05:01:00.861370+00:00,data/raw/news/gdelt/GRSE/2026-09-07.json,,GDELT 2.1 DOC API,https://api.gdeltproject.org/api/v2/doc/doc?format=json&mode=artlist&maxrecords=250&query=%22Garden+Reach+Shipbuilders+%26+Engineers+Ltd.%22&startdatetime=20260907000000&enddatetime=20260908000000,failed,HTTP Error 429: Too Many Requests
2026-09-08T05:01:23.544439+00:00,data/raw/news/gdelt/GILLETTE/2026-09-07.json,,GDELT 2.1 DOC API,https://api.gdeltproject.org/api/v2/doc/doc?format=json&mode=artlist&maxrecords=250&query=%22Gillette+India+Ltd.%22&startdatetime=20260907000000&enddatetime=20260908000000,failed,response is unexpectedly short
2026-09-08T05:01:52.054295+00:00,data/raw/news/gdelt/GLAND/2026-09-07.json,f217758a9696824d55eca881c59a789e1e171eeea7bb34cd0f8a60221e0109a9,GDELT 2.1 DOC API,https://api.gdeltproject.org/api/v2/doc/doc?format=json&mode=artlist&maxrecords=250&query=%22Gland+Pharma+Ltd.%22&startdatetime=20260907000000&enddatetime=20260908000000,downloaded,
2026-09-08T05:02:17.606406+00:00,data/raw/news/gdelt/GODIGIT/2026-09-07.json,,GDELT 2.1 DOC API,https://api.gdeltproject.org/api/v2/doc/doc?format=json&mode=artlist&maxrecords=250&query=%22Go+Digit+General+Insurance+Ltd.%22&startdatetime=20260907000000&enddatetime=20260908000000,failed,response is unexpectedly short
2026-09-08T05:03:21.948461+00:00,data/raw/news/gdelt/GPIL/2026-09-07.json,,GDELT 2.1 DOC API,https://api.gdeltproject.org/api/v2/doc/doc?format=json&mode=artlist&maxrecords=250&query=%22Godawari+Power+%26+Ispat+Ltd.%22&startdatetime=20260907000000&enddatetime=20260908000000,failed,response is unexpectedly short
2026-09-08T09:40:42.468002+00:00,data/raw/universe/nifty_smallcap_250_2026-09-08.csv,76a2ea1942e23c6cf0bc7264c9a72fcc79fcadbd331397a3353c3d85c18143ce,Nifty Indices current constituent file,https://www.niftyindices.com/IndexConstituent/ind_niftysmallcap250list.csv,downloaded,
2026-09-08T09:41:22.012339+00:00,data/raw/news/gdelt/PVRINOX/2026-09-07.json,8066e06948d4792e5d1b51e1cb1d855fee0d4bf2f86db77b92186e871fed5b14,GDELT 2.1 DOC API,https://api.gdeltproject.org/api/v2/doc/doc?format=json&mode=artlist&maxrecords=250&query=%22PVR+INOX+Ltd.%22&startdatetime=20260907000000&enddatetime=20260908000000,downloaded,
2026-09-08T09:42:17.585335+00:00,data/raw/news/gdelt/PARADEEP/2026-09-07.json,,GDELT 2.1 DOC API,https://api.gdeltproject.org/api/v2/doc/doc?format=json&mode=artlist&maxrecords=250&query=%22Paradeep+Phosphates+Ltd.%22&startdatetime=20260907000000&enddatetime=20260908000000,failed,response is unexpectedly short
2026-09-08T09:44:28.174784+00:00,data/raw/news/gdelt/PFIZER/2026-09-07.json,,GDELT 2.1 DOC API,https://api.gdeltproject.org/api/v2/doc/doc?format=json&mode=artlist&maxrecords=250&query=%22Pfizer+Ltd.%22&startdatetime=20260907000000&enddatetime=20260908000000,failed,HTTP Error 429: Too Many Requests
2026-09-08T09:46:49.684881+00:00,data/raw/news/gdelt/PWL/2026-09-07.json,16cc93c9c680cf47dc9ef20fac379b7e87384c269549d57207d6304e06f7afef,GDELT 2.1 DOC API,https://api.gdeltproject.org/api/v2/doc/doc?format=json&mode=artlist&maxrecords=250&query=%22Physicswallah+Ltd.%22&startdatetime=20260907000000&enddatetime=20260908000000,downloaded,
2026-09-08T09:47:06.093633+00:00,data/raw/news/gdelt/PINELABS/2026-09-07.json,,GDELT 2.1 DOC API,https://api.gdeltproject.org/api/v2/doc/doc?format=json&mode=artlist&maxrecords=250&query=%22Pine+Labs+Ltd.%22&startdatetime=20260907000000&enddatetime=20260908000000,failed,response is unexpectedly short
2026-09-08T09:49:24.349842+00:00,data/raw/news/gdelt/PIRAMALFIN/2026-09-07.json,,GDELT 2.1 DOC API,https://api.gdeltproject.org/api/v2/doc/doc?format=json&mode=artlist&maxrecords=250&query=%22Piramal+Finance+Ltd.%22&startdatetime=20260907000000&enddatetime=20260908000000,failed,HTTP Error 429: Too Many Requests
2026-09-08T09:49:39.211501+00:00,data/raw/news/gdelt/PPLPHARMA/2026-09-07.json,,GDELT 2.1 DOC API,https://api.gdeltproject.org/api/v2/doc/doc?format=json&mode=artlist&maxrecords=250&query=%22Piramal+Pharma+Ltd.%22&startdatetime=20260907000000&enddatetime=20260908000000,failed,response is unexpectedly short
2026-09-08T09:52:30.930365+00:00,data/raw/news/gdelt/POLYMED/2026-09-07.json,,GDELT 2.1 DOC API,https://api.gdeltproject.org/api/v2/doc/doc?format=json&mode=artlist&maxrecords=250&query=%22Poly+Medicure+Ltd.%22&startdatetime=20260907000000&enddatetime=20260908000000,failed,response is unexpectedly short
2026-09-08T09:54:38.241857+00:00,data/raw/news/gdelt/POONAWALLA/2026-09-07.json,,GDELT 2.1 DOC API,https://api.gdeltproject.org/api/v2/doc/doc?format=json&mode=artlist&maxrecords=250&query=%22Poonawalla+Fincorp+Ltd.%22&startdatetime=20260907000000&enddatetime=20260908000000,failed,HTTP Error 429: Too Many Requests
2026-09-08T09:56:07.210407+00:00,data/raw/news/gdelt/PFOCUS/2026-09-07.json,,GDELT 2.1 DOC API,https://api.gdeltproject.org/api/v2/doc/doc?format=json&mode=artlist&maxrecords=250&query=%22Prime+Focus+Ltd.%22&startdatetime=20260907000000&enddatetime=20260908000000,failed,response is unexpectedly short
2026-09-08T09:56:58.540188+00:00,data/raw/news/gdelt/RRKABEL/2026-09-07.json,,GDELT 2.1 DOC API,https://api.gdeltproject.org/api/v2/doc/doc?format=json&mode=artlist&maxrecords=250&query=%22R+R+Kabel+Ltd.%22&startdatetime=20260907000000&enddatetime=20260908000000,failed,response is unexpectedly short
2026-09-08T09:59:07.953222+00:00,data/raw/news/gdelt/RBLBANK/2026-09-07.json,,GDELT 2.1 DOC API,https://api.gdeltproject.org/api/v2/doc/doc?format=json&mode=artlist&maxrecords=250&query=%22RBL+Bank+Ltd.%22&startdatetime=20260907000000&enddatetime=20260908000000,failed,response is unexpectedly short
2026-09-08T09:59:37.653614+00:00,data/raw/news/gdelt/RHIM/2026-09-07.json,,GDELT 2.1 DOC API,https://api.gdeltproject.org/api/v2/doc/doc?format=json&mode=artlist&maxrecords=250&query=%22RHI+MAGNESITA+INDIA+LTD.%22&startdatetime=20260907000000&enddatetime=20260908000000,failed,response is unexpectedly short
2026-09-08T09:59:50.973887+00:00,data/raw/news/gdelt/RITES/2026-09-07.json,07fc5888ae3e67090ea0d4eea931a71d13686be4b2bdd7d2c41ebb58a25fd3d5,GDELT 2.1 DOC API,https://api.gdeltproject.org/api/v2/doc/doc?format=json&mode=artlist&maxrecords=250&query=%22RITES+Ltd.%22&startdatetime=20260907000000&enddatetime=20260908000000,downloaded,
2026-09-08T10:00:35.628439+00:00,data/raw/news/gdelt/RAILTEL/2026-09-07.json,,GDELT 2.1 DOC API,https://api.gdeltproject.org/api/v2/doc/doc?format=json&mode=artlist&maxrecords=250&query=%22Railtel+Corporation+Of+India+Ltd.%22&startdatetime=20260907000000&enddatetime=20260908000000,failed,response is unexpectedly short
2026-09-08T10:00:58.747253+00:00,data/raw/news/gdelt/RAINBOW/2026-09-07.json,,GDELT 2.1 DOC API,https://api.gdeltproject.org/api/v2/doc/doc?format=json&mode=artlist&maxrecords=250&query=%22Rainbow+Childrens+Medicare+Ltd.%22&startdatetime=20260907000000&enddatetime=20260908000000,failed,response is unexpectedly short
2026-09-08T10:01:40.245391+00:00,data/raw/news/gdelt/RKFORGE/2026-09-07.json,,GDELT 2.1 DOC API,https://api.gdeltproject.org/api/v2/doc/doc?format=json&mode=artlist&maxrecords=250&query=%22Ramkrishna+Forgings+Ltd.%22&startdatetime=20260907000000&enddatetime=20260908000000,failed,response is unexpectedly short
2026-09-08T10:02:16.316111+00:00,data/raw/news/gdelt/REDINGTON/2026-09-07.json,,GDELT 2.1 DOC API,https://api.gdeltproject.org/api/v2/doc/doc?format=json&mode=artlist&maxrecords=250&query=%22Redington+Ltd.%22&startdatetime=20260907000000&enddatetime=20260908000000,failed,response is unexpectedly short
2026-09-08T10:02:53.802369+00:00,data/raw/news/gdelt/RPOWER/2026-09-07.json,47753bab2fa6f8701103f769acac43edd5dcd1f4de0a88337378333136cf0531,GDELT 2.1 DOC API,https://api.gdeltproject.org/api/v2/doc/doc?format=json&mode=artlist&maxrecords=250&query=%22Reliance+Power+Ltd.%22&startdatetime=20260907000000&enddatetime=20260908000000,downloaded,
2026-09-08T10:03:49.734710+00:00,data/raw/news/gdelt/SBFC/2026-09-07.json,,GDELT 2.1 DOC API,https://api.gdeltproject.org/api/v2/doc/doc?format=json&mode=artlist&maxrecords=250&query=%22SBFC+Finance+Ltd.%22&startdatetime=20260907000000&enddatetime=20260908000000,failed,response is unexpectedly short
2026-09-08T14:31:59.104126+00:00,data/raw/universe/nifty_smallcap_250_2026-09-08.csv,76a2ea1942e23c6cf0bc7264c9a72fcc79fcadbd331397a3353c3d85c18143ce,Nifty Indices current constituent file,https://www.niftyindices.com/IndexConstituent/ind_niftysmallcap250list.csv,downloaded,
2026-09-08T16:39:43.758749+00:00,data/raw/universe/nifty_smallcap_250_2026-09-08.csv,76a2ea1942e23c6cf0bc7264c9a72fcc79fcadbd331397a3353c3d85c18143ce,Nifty Indices current constituent file,https://www.niftyindices.com/IndexConstituent/ind_niftysmallcap250list.csv,downloaded,
2026-09-08T16:39:44.262419+00:00,data/raw/nse_bhavcopy/PR08092026.zip,,NSE Bhavcopy PR archive,https://nsearchives.nseindia.com/content/cm/PR08092026.zip,failed,HTTP Error 404: Not Found
2026-09-08T16:39:45.165430+00:00,data/raw/nse_bhavcopy/PR080926.zip,,NSE Bhavcopy PR archive,https://nsearchives.nseindia.com/content/cm/PR080926.zip,failed,HTTP Error 404: Not Found
2026-09-09T04:41:40.425043+00:00,data/raw/universe/nifty_smallcap_250_2026-09-09.csv,76a2ea1942e23c6cf0bc7264c9a72fcc79fcadbd331397a3353c3d85c18143ce,Nifty Indices current constituent file,https://www.niftyindices.com/IndexConstituent/ind_niftysmallcap250list.csv,downloaded,
2026-09-09T04:43:52.536795+00:00,data/raw/news/gdelt/EIHOTEL/2026-09-08.json,,GDELT 2.1 DOC API,https://api.gdeltproject.org/api/v2/doc/doc?format=json&mode=artlist&maxrecords=250&query=%22EIH+Ltd.%22&startdatetime=20260908000000&enddatetime=20260909000000,failed,HTTP Error 429: Too Many Requests
2026-09-09T04:44:46.138011+00:00,data/raw/news/gdelt/ELECON/2026-09-08.json,,GDELT 2.1 DOC API,https://api.gdeltproject.org/api/v2/doc/doc?format=json&mode=artlist&maxrecords=250&query=%22Elecon+Engineering+Co.+Ltd.%22&startdatetime=20260908000000&enddatetime=20260909000000,failed,response is unexpectedly short
2026-09-09T04:47:05.879499+00:00,data/raw/news/gdelt/ELGIEQUIP/2026-09-08.json,,GDELT 2.1 DOC API,https://api.gdeltproject.org/api/v2/doc/doc?format=json&mode=artlist&maxrecords=250&query=%22Elgi+Equipments+Ltd.%22&startdatetime=20260908000000&enddatetime=20260909000000,failed,response is unexpectedly short
2026-09-09T04:48:04.939245+00:00,data/raw/news/gdelt/EMAMILTD/2026-09-08.json,,GDELT 2.1 DOC API,https://api.gdeltproject.org/api/v2/doc/doc?format=json&mode=artlist&maxrecords=250&query=%22Emami+Ltd.%22&startdatetime=20260908000000&enddatetime=20260909000000,failed,response is unexpectedly short
2026-09-09T04:50:20.422703+00:00,data/raw/news/gdelt/EMCURE/2026-09-08.json,,GDELT 2.1 DOC API,https://api.gdeltproject.org/api/v2/doc/doc?format=json&mode=artlist&maxrecords=250&query=%22Emcure+Pharmaceuticals+Ltd.%22&startdatetime=20260908000000&enddatetime=20260909000000,failed,HTTP Error 429: Too Many Requests
2026-09-09T04:52:33.507943+00:00,data/raw/news/gdelt/EMMVEE/2026-09-08.json,,GDELT 2.1 DOC API,https://api.gdeltproject.org/api/v2/doc/doc?format=json&mode=artlist&maxrecords=250&query=%22Emmvee+Photovoltaic+Power+Ltd.%22&startdatetime=20260908000000&enddatetime=20260909000000,failed,HTTP Error 429: Too Many Requests
2026-09-09T04:53:25.106079+00:00,data/raw/news/gdelt/ENGINERSIN/2026-09-08.json,,GDELT 2.1 DOC API,https://api.gdeltproject.org/api/v2/doc/doc?format=json&mode=artlist&maxrecords=250&query=%22Engineers+India+Ltd.%22&startdatetime=20260908000000&enddatetime=20260909000000,failed,response is unexpectedly short
2026-09-09T04:55:37.339128+00:00,data/raw/news/gdelt/ERIS/2026-09-08.json,,GDELT 2.1 DOC API,https://api.gdeltproject.org/api/v2/doc/doc?format=json&mode=artlist&maxrecords=250&query=%22Eris+Lifesciences+Ltd.%22&startdatetime=20260908000000&enddatetime=20260909000000,failed,HTTP Error 429: Too Many Requests
2026-09-09T04:57:52.666772+00:00,data/raw/news/gdelt/FACT/2026-09-08.json,,GDELT 2.1 DOC API,https://api.gdeltproject.org/api/v2/doc/doc?format=json&mode=artlist&maxrecords=250&query=%22Fertilisers+and+Chemicals+Travancore+Ltd.%22&startdatetime=20260908000000&enddatetime=20260909000000,failed,response is unexpectedly short
2026-09-09T05:00:05.259984+00:00,data/raw/news/gdelt/FINCABLES/2026-09-08.json,,GDELT 2.1 DOC API,https://api.gdeltproject.org/api/v2/doc/doc?format=json&mode=artlist&maxrecords=250&query=%22Finolex+Cables+Ltd.%22&startdatetime=20260908000000&enddatetime=20260909000000,failed,HTTP Error 429: Too Many Requests
2026-09-09T05:02:47.644931+00:00,data/raw/news/gdelt/FSL/2026-09-08.json,,GDELT 2.1 DOC API,https://api.gdeltproject.org/api/v2/doc/doc?format=json&mode=artlist&maxrecords=250&query=%22Firstsource+Solutions+Ltd.%22&startdatetime=20260908000000&enddatetime=20260909000000,failed,HTTP Error 429: Too Many Requests
2026-09-09T05:03:07.049848+00:00,data/raw/news/gdelt/FIVESTAR/2026-09-08.json,,GDELT 2.1 DOC API,https://api.gdeltproject.org/api/v2/doc/doc?format=json&mode=artlist&maxrecords=250&query=%22Five-Star+Business+Finance+Ltd.%22&startdatetime=20260908000000&enddatetime=20260909000000,failed,response is unexpectedly short
2026-09-09T05:04:05.039440+00:00,data/raw/news/gdelt/FORCEMOT/2026-09-08.json,,GDELT 2.1 DOC API,https://api.gdeltproject.org/api/v2/doc/doc?format=json&mode=artlist&maxrecords=250&query=%22Force+Motors+Ltd.%22&startdatetime=20260908000000&enddatetime=20260909000000,failed,response is unexpectedly short
2026-09-09T05:06:24.948204+00:00,data/raw/news/gdelt/GABRIEL/2026-09-08.json,,GDELT 2.1 DOC API,https://api.gdeltproject.org/api/v2/doc/doc?format=json&mode=artlist&maxrecords=250&query=%22Gabriel+India+Ltd.%22&startdatetime=20260908000000&enddatetime=20260909000000,failed,HTTP Error 429: Too Many Requests
2026-09-09T05:08:39.374916+00:00,data/raw/news/gdelt/GALLANTT/2026-09-08.json,,GDELT 2.1 DOC API,https://api.gdeltproject.org/api/v2/doc/doc?format=json&mode=artlist&maxrecords=250&query=%22Gallantt+Ispat+Ltd.%22&startdatetime=20260908000000&enddatetime=20260909000000,failed,HTTP Error 429: Too Many Requests
2026-09-09T05:10:58.427659+00:00,data/raw/news/gdelt/GRSE/2026-09-08.json,,GDELT 2.1 DOC API,https://api.gdeltproject.org/api/v2/doc/doc?format=json&mode=artlist&maxrecords=250&query=%22Garden+Reach+Shipbuilders+%26+Engineers+Ltd.%22&startdatetime=20260908000000&enddatetime=20260909000000,failed,response is unexpectedly short
2026-09-09T05:11:57.566286+00:00,data/raw/news/gdelt/GILLETTE/2026-09-08.json,,GDELT 2.1 DOC API,https://api.gdeltproject.org/api/v2/doc/doc?format=json&mode=artlist&maxrecords=250&query=%22Gillette+India+Ltd.%22&startdatetime=20260908000000&enddatetime=20260909000000,failed,response is unexpectedly short
2026-09-09T05:14:09.638575+00:00,data/raw/news/gdelt/GLAND/2026-09-08.json,,GDELT 2.1 DOC API,https://api.gdeltproject.org/api/v2/doc/doc?format=json&mode=artlist&maxrecords=250&query=%22Gland+Pharma+Ltd.%22&startdatetime=20260908000000&enddatetime=20260909000000,failed,HTTP Error 429: Too Many Requests
2026-09-09T05:14:40.746788+00:00,data/raw/news/gdelt/GODIGIT/2026-09-08.json,,GDELT 2.1 DOC API,https://api.gdeltproject.org/api/v2/doc/doc?format=json&mode=artlist&maxrecords=250&query=%22Go+Digit+General+Insurance+Ltd.%22&startdatetime=20260908000000&enddatetime=20260909000000,failed,response is unexpectedly short
2026-09-09T05:16:59.848032+00:00,data/raw/news/gdelt/GPIL/2026-09-08.json,,GDELT 2.1 DOC API,https://api.gdeltproject.org/api/v2/doc/doc?format=json&mode=artlist&maxrecords=250&query=%22Godawari+Power+%26+Ispat+Ltd.%22&startdatetime=20260908000000&enddatetime=20260909000000,failed,HTTP Error 429: Too Many Requests
2026-09-09T09:45:24.848924+00:00,data/raw/universe/nifty_smallcap_250_2026-09-09.csv,76a2ea1942e23c6cf0bc7264c9a72fcc79fcadbd331397a3353c3d85c18143ce,Nifty Indices current constituent file,https://www.niftyindices.com/IndexConstituent/ind_niftysmallcap250list.csv,downloaded,
2026-09-09T09:45:39.342225+00:00,data/raw/news/gdelt/PVRINOX/2026-09-08.json,,GDELT 2.1 DOC API,https://api.gdeltproject.org/api/v2/doc/doc?format=json&mode=artlist&maxrecords=250&query=%22PVR+INOX+Ltd.%22&startdatetime=20260908000000&enddatetime=20260909000000,failed,response is unexpectedly short
2026-09-09T09:45:57.812236+00:00,data/raw/news/gdelt/PARADEEP/2026-09-08.json,,GDELT 2.1 DOC API,https://api.gdeltproject.org/api/v2/doc/doc?format=json&mode=artlist&maxrecords=250&query=%22Paradeep+Phosphates+Ltd.%22&startdatetime=20260908000000&enddatetime=20260909000000,failed,response is unexpectedly short
2026-09-09T09:46:51.300634+00:00,data/raw/news/gdelt/PFIZER/2026-09-08.json,,GDELT 2.1 DOC API,https://api.gdeltproject.org/api/v2/doc/doc?format=json&mode=artlist&maxrecords=250&query=%22Pfizer+Ltd.%22&startdatetime=20260908000000&enddatetime=20260909000000,failed,response is unexpectedly short
2026-09-09T09:49:04.961550+00:00,data/raw/news/gdelt/PWL/2026-09-08.json,,GDELT 2.1 DOC API,https://api.gdeltproject.org/api/v2/doc/doc?format=json&mode=artlist&maxrecords=250&query=%22Physicswallah+Ltd.%22&startdatetime=20260908000000&enddatetime=20260909000000,failed,HTTP Error 429: Too Many Requests
2026-09-09T09:50:01.825280+00:00,data/raw/news/gdelt/PINELABS/2026-09-08.json,,GDELT 2.1 DOC API,https://api.gdeltproject.org/api/v2/doc/doc?format=json&mode=artlist&maxrecords=250&query=%22Pine+Labs+Ltd.%22&startdatetime=20260908000000&enddatetime=20260909000000,failed,response is unexpectedly short
2026-09-09T09:52:19.326225+00:00,data/raw/news/gdelt/PIRAMALFIN/2026-09-08.json,,GDELT 2.1 DOC API,https://api.gdeltproject.org/api/v2/doc/doc?format=json&mode=artlist&maxrecords=250&query=%22Piramal+Finance+Ltd.%22&startdatetime=20260908000000&enddatetime=20260909000000,failed,HTTP Error 429: Too Many Requests
2026-09-09T09:54:33.026696+00:00,data/raw/news/gdelt/PPLPHARMA/2026-09-08.json,,GDELT 2.1 DOC API,https://api.gdeltproject.org/api/v2/doc/doc?format=json&mode=artlist&maxrecords=250&query=%22Piramal+Pharma+Ltd.%22&startdatetime=20260908000000&enddatetime=20260909000000,failed,response is unexpectedly short
2026-09-09T09:56:51.378590+00:00,data/raw/news/gdelt/POLYMED/2026-09-08.json,,GDELT 2.1 DOC API,https://api.gdeltproject.org/api/v2/doc/doc?format=json&mode=artlist&maxrecords=250&query=%22Poly+Medicure+Ltd.%22&startdatetime=20260908000000&enddatetime=20260909000000,failed,response is unexpectedly short
2026-09-09T09:57:05.710541+00:00,data/raw/news/gdelt/POONAWALLA/2026-09-08.json,,GDELT 2.1 DOC API,https://api.gdeltproject.org/api/v2/doc/doc?format=json&mode=artlist&maxrecords=250&query=%22Poonawalla+Fincorp+Ltd.%22&startdatetime=20260908000000&enddatetime=20260909000000,failed,response is unexpectedly short
2026-09-09T09:58:25.453171+00:00,data/raw/news/gdelt/PFOCUS/2026-09-08.json,,GDELT 2.1 DOC API,https://api.gdeltproject.org/api/v2/doc/doc?format=json&mode=artlist&maxrecords=250&query=%22Prime+Focus+Ltd.%22&startdatetime=20260908000000&enddatetime=20260909000000,failed,response is unexpectedly short
2026-09-09T10:00:38.221392+00:00,data/raw/news/gdelt/RRKABEL/2026-09-08.json,,GDELT 2.1 DOC API,https://api.gdeltproject.org/api/v2/doc/doc?format=json&mode=artlist&maxrecords=250&query=%22R+R+Kabel+Ltd.%22&startdatetime=20260908000000&enddatetime=20260909000000,failed,HTTP Error 429: Too Many Requests
2026-09-09T10:00:57.213651+00:00,data/raw/news/gdelt/RBLBANK/2026-09-08.json,,GDELT 2.1 DOC API,https://api.gdeltproject.org/api/v2/doc/doc?format=json&mode=artlist&maxrecords=250&query=%22RBL+Bank+Ltd.%22&startdatetime=20260908000000&enddatetime=20260909000000,failed,response is unexpectedly short
2026-09-09T10:03:29.133393+00:00,data/raw/news/gdelt/RHIM/2026-09-08.json,,GDELT 2.1 DOC API,https://api.gdeltproject.org/api/v2/doc/doc?format=json&mode=artlist&maxrecords=250&query=%22RHI+MAGNESITA+INDIA+LTD.%22&startdatetime=20260908000000&enddatetime=20260909000000,failed,HTTP Error 429: Too Many Requests
2026-09-09T10:05:44.429201+00:00,data/raw/news/gdelt/RITES/2026-09-08.json,,GDELT 2.1 DOC API,https://api.gdeltproject.org/api/v2/doc/doc?format=json&mode=artlist&maxrecords=250&query=%22RITES+Ltd.%22&startdatetime=20260908000000&enddatetime=20260909000000,failed,HTTP Error 429: Too Many Requests
2026-09-09T10:08:02.760467+00:00,data/raw/news/gdelt/RAILTEL/2026-09-08.json,,GDELT 2.1 DOC API,https://api.gdeltproject.org/api/v2/doc/doc?format=json&mode=artlist&maxrecords=250&query=%22Railtel+Corporation+Of+India+Ltd.%22&startdatetime=20260908000000&enddatetime=20260909000000,failed,HTTP Error 429: Too Many Requests
2026-09-09T10:10:15.045302+00:00,data/raw/news/gdelt/RAINBOW/2026-09-08.json,,GDELT 2.1 DOC API,https://api.gdeltproject.org/api/v2/doc/doc?format=json&mode=artlist&maxrecords=250&query=%22Rainbow+Childrens+Medicare+Ltd.%22&startdatetime=20260908000000&enddatetime=20260909000000,failed,HTTP Error 429: Too Many Requests
2026-09-09T10:12:26.117967+00:00,data/raw/news/gdelt/RKFORGE/2026-09-08.json,,GDELT 2.1 DOC API,https://api.gdeltproject.org/api/v2/doc/doc?format=json&mode=artlist&maxrecords=250&query=%22Ramkrishna+Forgings+Ltd.%22&startdatetime=20260908000000&enddatetime=20260909000000,failed,HTTP Error 429: Too Many Requests
2026-09-09T10:12:43.646552+00:00,data/raw/news/gdelt/REDINGTON/2026-09-08.json,,GDELT 2.1 DOC API,https://api.gdeltproject.org/api/v2/doc/doc?format=json&mode=artlist&maxrecords=250&query=%22Redington+Ltd.%22&startdatetime=20260908000000&enddatetime=20260909000000,failed,response is unexpectedly short
2026-09-09T10:14:04.467488+00:00,data/raw/news/gdelt/RPOWER/2026-09-08.json,,GDELT 2.1 DOC API,https://api.gdeltproject.org/api/v2/doc/doc?format=json&mode=artlist&maxrecords=250&query=%22Reliance+Power+Ltd.%22&startdatetime=20260908000000&enddatetime=20260909000000,failed,response is unexpectedly short
2026-09-09T10:14:26.540972+00:00,data/raw/news/gdelt/SBFC/2026-09-08.json,,GDELT 2.1 DOC API,https://api.gdeltproject.org/api/v2/doc/doc?format=json&mode=artlist&maxrecords=250&query=%22SBFC+Finance+Ltd.%22&startdatetime=20260908000000&enddatetime=20260909000000,failed,response is unexpectedly short
2026-09-09T14:36:05.880458+00:00,data/raw/universe/nifty_smallcap_250_2026-09-09.csv,76a2ea1942e23c6cf0bc7264c9a72fcc79fcadbd331397a3353c3d85c18143ce,Nifty Indices current constituent file,https://www.niftyindices.com/IndexConstituent/ind_niftysmallcap250list.csv,downloaded,
2026-09-09T16:40:09.257662+00:00,data/raw/universe/nifty_smallcap_250_2026-09-09.csv,76a2ea1942e23c6cf0bc7264c9a72fcc79fcadbd331397a3353c3d85c18143ce,Nifty Indices current constituent file,https://www.niftyindices.com/IndexConstituent/ind_niftysmallcap250list.csv,downloaded,
2026-09-09T16:40:10.112520+00:00,data/raw/nse_bhavcopy/PR09092026.zip,,NSE Bhavcopy PR archive,https://nsearchives.nseindia.com/content/cm/PR09092026.zip,failed,HTTP Error 404: Not Found
2026-09-09T16:40:10.709594+00:00,data/raw/nse_bhavcopy/PR090926.zip,,NSE Bhavcopy PR archive,https://nsearchives.nseindia.com/content/cm/PR090926.zip,failed,HTTP Error 404: Not Found
2026-09-10T04:42:09.608537+00:00,data/raw/universe/nifty_smallcap_250_2026-09-10.csv,76a2ea1942e23c6cf0bc7264c9a72fcc79fcadbd331397a3353c3d85c18143ce,Nifty Indices current constituent file,https://www.niftyindices.com/IndexConstituent/ind_niftysmallcap250list.csv,downloaded,
2026-09-10T04:42:25.192548+00:00,data/raw/news/gdelt/EIHOTEL/2026-09-09.json,,GDELT 2.1 DOC API,https://api.gdeltproject.org/api/v2/doc/doc?format=json&mode=artlist&maxrecords=250&query=%22EIH+Ltd.%22&startdatetime=20260909000000&enddatetime=20260910000000,failed,response is unexpectedly short
2026-09-10T04:44:35.451748+00:00,data/raw/news/gdelt/ELECON/2026-09-09.json,,GDELT 2.1 DOC API,https://api.gdeltproject.org/api/v2/doc/doc?format=json&mode=artlist&maxrecords=250&query=%22Elecon+Engineering+Co.+Ltd.%22&startdatetime=20260909000000&enddatetime=20260910000000,failed,HTTP Error 429: Too Many Requests
2026-09-10T04:44:49.796503+00:00,data/raw/news/gdelt/ELGIEQUIP/2026-09-09.json,,GDELT 2.1 DOC API,https://api.gdeltproject.org/api/v2/doc/doc?format=json&mode=artlist&maxrecords=250&query=%22Elgi+Equipments+Ltd.%22&startdatetime=20260909000000&enddatetime=20260910000000,failed,response is unexpectedly short
2026-09-10T04:47:05.167334+00:00,data/raw/news/gdelt/EMAMILTD/2026-09-09.json,,GDELT 2.1 DOC API,https://api.gdeltproject.org/api/v2/doc/doc?format=json&mode=artlist&maxrecords=250&query=%22Emami+Ltd.%22&startdatetime=20260909000000&enddatetime=20260910000000,failed,HTTP Error 429: Too Many Requests
2026-09-10T04:47:40.363235+00:00,data/raw/news/gdelt/EMCURE/2026-09-09.json,,GDELT 2.1 DOC API,https://api.gdeltproject.org/api/v2/doc/doc?format=json&mode=artlist&maxrecords=250&query=%22Emcure+Pharmaceuticals+Ltd.%22&startdatetime=20260909000000&enddatetime=20260910000000,failed,response is unexpectedly short
2026-09-10T04:48:01.294060+00:00,data/raw/news/gdelt/EMMVEE/2026-09-09.json,,GDELT 2.1 DOC API,https://api.gdeltproject.org/api/v2/doc/doc?format=json&mode=artlist&maxrecords=250&query=%22Emmvee+Photovoltaic+Power+Ltd.%22&startdatetime=20260909000000&enddatetime=20260910000000,failed,response is unexpectedly short
2026-09-10T04:50:15.689174+00:00,data/raw/news/gdelt/ENGINERSIN/2026-09-09.json,,GDELT 2.1 DOC API,https://api.gdeltproject.org/api/v2/doc/doc?format=json&mode=artlist&maxrecords=250&query=%22Engineers+India+Ltd.%22&startdatetime=20260909000000&enddatetime=20260910000000,failed,HTTP Error 429: Too Many Requests
2026-09-10T04:51:47.522295+00:00,data/raw/news/gdelt/ERIS/2026-09-09.json,,GDELT 2.1 DOC API,https://api.gdeltproject.org/api/v2/doc/doc?format=json&mode=artlist&maxrecords=250&query=%22Eris+Lifesciences+Ltd.%22&startdatetime=20260909000000&enddatetime=20260910000000,failed,response is unexpectedly short
2026-09-10T04:54:01.021990+00:00,data/raw/news/gdelt/FACT/2026-09-09.json,,GDELT 2.1 DOC API,https://api.gdeltproject.org/api/v2/doc/doc?format=json&mode=artlist&maxrecords=250&query=%22Fertilisers+and+Chemicals+Travancore+Ltd.%22&startdatetime=20260909000000&enddatetime=20260910000000,failed,HTTP Error 429: Too Many Requests
2026-09-10T04:54:15.422243+00:00,data/raw/news/gdelt/FINCABLES/2026-09-09.json,e8cce866354d2e55272bab4f91f6bc7e26688ef486c95b40c2f3f123fcb9d3e7,GDELT 2.1 DOC API,https://api.gdeltproject.org/api/v2/doc/doc?format=json&mode=artlist&maxrecords=250&query=%22Finolex+Cables+Ltd.%22&startdatetime=20260909000000&enddatetime=20260910000000,downloaded,
2026-09-10T04:56:27.223486+00:00,data/raw/news/gdelt/FSL/2026-09-09.json,,GDELT 2.1 DOC API,https://api.gdeltproject.org/api/v2/doc/doc?format=json&mode=artlist&maxrecords=250&query=%22Firstsource+Solutions+Ltd.%22&startdatetime=20260909000000&enddatetime=20260910000000,failed,HTTP Error 429: Too Many Requests
2026-09-10T04:56:57.493251+00:00,data/raw/news/gdelt/FIVESTAR/2026-09-09.json,,GDELT 2.1 DOC API,https://api.gdeltproject.org/api/v2/doc/doc?format=json&mode=artlist&maxrecords=250&query=%22Five-Star+Business+Finance+Ltd.%22&startdatetime=20260909000000&enddatetime=20260910000000,failed,response is unexpectedly short
2026-09-10T04:58:29.332722+00:00,data/raw/news/gdelt/FORCEMOT/2026-09-09.json,,GDELT 2.1 DOC API,https://api.gdeltproject.org/api/v2/doc/doc?format=json&mode=artlist&maxrecords=250&query=%22Force+Motors+Ltd.%22&startdatetime=20260909000000&enddatetime=20260910000000,failed,response is unexpectedly short
2026-09-10T05:00:40.733394+00:00,data/raw/news/gdelt/GABRIEL/2026-09-09.json,,GDELT 2.1 DOC API,https://api.gdeltproject.org/api/v2/doc/doc?format=json&mode=artlist&maxrecords=250&query=%22Gabriel+India+Ltd.%22&startdatetime=20260909000000&enddatetime=20260910000000,failed,HTTP Error 429: Too Many Requests
2026-09-10T05:02:25.468987+00:00,data/raw/news/gdelt/GALLANTT/2026-09-09.json,,GDELT 2.1 DOC API,https://api.gdeltproject.org/api/v2/doc/doc?format=json&mode=artlist&maxrecords=250&query=%22Gallantt+Ispat+Ltd.%22&startdatetime=20260909000000&enddatetime=20260910000000,failed,response is unexpectedly short
2026-09-10T05:04:42.941937+00:00,data/raw/news/gdelt/GRSE/2026-09-09.json,,GDELT 2.1 DOC API,https://api.gdeltproject.org/api/v2/doc/doc?format=json&mode=artlist&maxrecords=250&query=%22Garden+Reach+Shipbuilders+%26+Engineers+Ltd.%22&startdatetime=20260909000000&enddatetime=20260910000000,failed,HTTP Error 429: Too Many Requests
2026-09-10T05:05:20.536720+00:00,data/raw/news/gdelt/GILLETTE/2026-09-09.json,,GDELT 2.1 DOC API,https://api.gdeltproject.org/api/v2/doc/doc?format=json&mode=artlist&maxrecords=250&query=%22Gillette+India+Ltd.%22&startdatetime=20260909000000&enddatetime=20260910000000,failed,response is unexpectedly short
2026-09-10T05:05:35.686547+00:00,data/raw/news/gdelt/GLAND/2026-09-09.json,,GDELT 2.1 DOC API,https://api.gdeltproject.org/api/v2/doc/doc?format=json&mode=artlist&maxrecords=250&query=%22Gland+Pharma+Ltd.%22&startdatetime=20260909000000&enddatetime=20260910000000,failed,response is unexpectedly short
2026-09-10T05:06:35.725086+00:00,data/raw/news/gdelt/GODIGIT/2026-09-09.json,,GDELT 2.1 DOC API,https://api.gdeltproject.org/api/v2/doc/doc?format=json&mode=artlist&maxrecords=250&query=%22Go+Digit+General+Insurance+Ltd.%22&startdatetime=20260909000000&enddatetime=20260910000000,failed,response is unexpectedly short
2026-09-10T05:07:13.262530+00:00,data/raw/news/gdelt/GPIL/2026-09-09.json,,GDELT 2.1 DOC API,https://api.gdeltproject.org/api/v2/doc/doc?format=json&mode=artlist&maxrecords=250&query=%22Godawari+Power+%26+Ispat+Ltd.%22&startdatetime=20260909000000&enddatetime=20260910000000,failed,response is unexpectedly short
2026-09-10T09:43:28.411676+00:00,data/raw/universe/nifty_smallcap_250_2026-09-10.csv,76a2ea1942e23c6cf0bc7264c9a72fcc79fcadbd331397a3353c3d85c18143ce,Nifty Indices current constituent file,https://www.niftyindices.com/IndexConstituent/ind_niftysmallcap250list.csv,downloaded,
2026-09-10T09:44:01.707610+00:00,data/raw/news/gdelt/PVRINOX/2026-09-09.json,9189b2e78afac2c21206b0d800d7c2eb735de8bcdc0c87249d2132b3155e873f,GDELT 2.1 DOC API,https://api.gdeltproject.org/api/v2/doc/doc?format=json&mode=artlist&maxrecords=250&query=%22PVR+INOX+Ltd.%22&startdatetime=20260909000000&enddatetime=20260910000000,downloaded,
2026-09-10T09:44:33.211691+00:00,data/raw/news/gdelt/PARADEEP/2026-09-09.json,,GDELT 2.1 DOC API,https://api.gdeltproject.org/api/v2/doc/doc?format=json&mode=artlist&maxrecords=250&query=%22Paradeep+Phosphates+Ltd.%22&startdatetime=20260909000000&enddatetime=20260910000000,failed,response is unexpectedly short
2026-09-10T09:46:48.594134+00:00,data/raw/news/gdelt/PFIZER/2026-09-09.json,,GDELT 2.1 DOC API,https://api.gdeltproject.org/api/v2/doc/doc?format=json&mode=artlist&maxrecords=250&query=%22Pfizer+Ltd.%22&startdatetime=20260909000000&enddatetime=20260910000000,failed,HTTP Error 429: Too Many Requests
2026-09-10T09:49:04.257770+00:00,data/raw/news/gdelt/PWL/2026-09-09.json,,GDELT 2.1 DOC API,https://api.gdeltproject.org/api/v2/doc/doc?format=json&mode=artlist&maxrecords=250&query=%22Physicswallah+Ltd.%22&startdatetime=20260909000000&enddatetime=20260910000000,failed,HTTP Error 429: Too Many Requests
2026-09-10T09:49:20.852057+00:00,data/raw/news/gdelt/PINELABS/2026-09-09.json,,GDELT 2.1 DOC API,https://api.gdeltproject.org/api/v2/doc/doc?format=json&mode=artlist&maxrecords=250&query=%22Pine+Labs+Ltd.%22&startdatetime=20260909000000&enddatetime=20260910000000,failed,response is unexpectedly short
2026-09-10T09:49:37.123984+00:00,data/raw/news/gdelt/PIRAMALFIN/2026-09-09.json,,GDELT 2.1 DOC API,https://api.gdeltproject.org/api/v2/doc/doc?format=json&mode=artlist&maxrecords=250&query=%22Piramal+Finance+Ltd.%22&startdatetime=20260909000000&enddatetime=20260910000000,failed,response is unexpectedly short
2026-09-10T09:51:07.792399+00:00,data/raw/news/gdelt/PPLPHARMA/2026-09-09.json,,GDELT 2.1 DOC API,https://api.gdeltproject.org/api/v2/doc/doc?format=json&mode=artlist&maxrecords=250&query=%22Piramal+Pharma+Ltd.%22&startdatetime=20260909000000&enddatetime=20260910000000,failed,response is unexpectedly short
2026-09-10T09:53:18.265029+00:00,data/raw/news/gdelt/POLYMED/2026-09-09.json,,GDELT 2.1 DOC API,https://api.gdeltproject.org/api/v2/doc/doc?format=json&mode=artlist&maxrecords=250&query=%22Poly+Medicure+Ltd.%22&startdatetime=20260909000000&enddatetime=20260910000000,failed,HTTP Error 429: Too Many Requests
2026-09-10T09:54:11.089972+00:00,data/raw/news/gdelt/POONAWALLA/2026-09-09.json,,GDELT 2.1 DOC API,https://api.gdeltproject.org/api/v2/doc/doc?format=json&mode=artlist&maxrecords=250&query=%22Poonawalla+Fincorp+Ltd.%22&startdatetime=20260909000000&enddatetime=20260910000000,failed,response is unexpectedly short
2026-09-10T09:54:29.479727+00:00,data/raw/news/gdelt/PFOCUS/2026-09-09.json,,GDELT 2.1 DOC API,https://api.gdeltproject.org/api/v2/doc/doc?format=json&mode=artlist&maxrecords=250&query=%22Prime+Focus+Ltd.%22&startdatetime=20260909000000&enddatetime=20260910000000,failed,response is unexpectedly short
2026-09-10T09:55:24.193838+00:00,data/raw/news/gdelt/RRKABEL/2026-09-09.json,,GDELT 2.1 DOC API,https://api.gdeltproject.org/api/v2/doc/doc?format=json&mode=artlist&maxrecords=250&query=%22R+R+Kabel+Ltd.%22&startdatetime=20260909000000&enddatetime=20260910000000,failed,response is unexpectedly short
2026-09-10T09:57:34.635167+00:00,data/raw/news/gdelt/RBLBANK/2026-09-09.json,,GDELT 2.1 DOC API,https://api.gdeltproject.org/api/v2/doc/doc?format=json&mode=artlist&maxrecords=250&query=%22RBL+Bank+Ltd.%22&startdatetime=20260909000000&enddatetime=20260910000000,failed,HTTP Error 429: Too Many Requests
2026-09-10T09:58:09.188784+00:00,data/raw/news/gdelt/RHIM/2026-09-09.json,,GDELT 2.1 DOC API,https://api.gdeltproject.org/api/v2/doc/doc?format=json&mode=artlist&maxrecords=250&query=%22RHI+MAGNESITA+INDIA+LTD.%22&startdatetime=20260909000000&enddatetime=20260910000000,failed,response is unexpectedly short
2026-09-10T10:00:25.501327+00:00,data/raw/news/gdelt/RITES/2026-09-09.json,,GDELT 2.1 DOC API,https://api.gdeltproject.org/api/v2/doc/doc?format=json&mode=artlist&maxrecords=250&query=%22RITES+Ltd.%22&startdatetime=20260909000000&enddatetime=20260910000000,failed,HTTP Error 429: Too Many Requests
2026-09-10T10:02:56.293688+00:00,data/raw/news/gdelt/RAILTEL/2026-09-09.json,,GDELT 2.1 DOC API,https://api.gdeltproject.org/api/v2/doc/doc?format=json&mode=artlist&maxrecords=250&query=%22Railtel+Corporation+Of+India+Ltd.%22&startdatetime=20260909000000&enddatetime=20260910000000,failed,HTTP Error 429: Too Many Requests
2026-09-10T10:05:13.581171+00:00,data/raw/news/gdelt/RAINBOW/2026-09-09.json,,GDELT 2.1 DOC API,https://api.gdeltproject.org/api/v2/doc/doc?format=json&mode=artlist&maxrecords=250&query=%22Rainbow+Childrens+Medicare+Ltd.%22&startdatetime=20260909000000&enddatetime=20260910000000,failed,HTTP Error 429: Too Many Requests
2026-09-10T10:05:46.955235+00:00,data/raw/news/gdelt/RKFORGE/2026-09-09.json,,GDELT 2.1 DOC API,https://api.gdeltproject.org/api/v2/doc/doc?format=json&mode=artlist&maxrecords=250&query=%22Ramkrishna+Forgings+Ltd.%22&startdatetime=20260909000000&enddatetime=20260910000000,failed,response is unexpectedly short
2026-09-10T10:08:00.692036+00:00,data/raw/news/gdelt/REDINGTON/2026-09-09.json,,GDELT 2.1 DOC API,https://api.gdeltproject.org/api/v2/doc/doc?format=json&mode=artlist&maxrecords=250&query=%22Redington+Ltd.%22&startdatetime=20260909000000&enddatetime=20260910000000,failed,HTTP Error 429: Too Many Requests
2026-09-10T10:08:31.931130+00:00,data/raw/news/gdelt/RPOWER/2026-09-09.json,,GDELT 2.1 DOC API,https://api.gdeltproject.org/api/v2/doc/doc?format=json&mode=artlist&maxrecords=250&query=%22Reliance+Power+Ltd.%22&startdatetime=20260909000000&enddatetime=20260910000000,failed,response is unexpectedly short
2026-09-10T10:10:44.130773+00:00,data/raw/news/gdelt/SBFC/2026-09-09.json,,GDELT 2.1 DOC API,https://api.gdeltproject.org/api/v2/doc/doc?format=json&mode=artlist&maxrecords=250&query=%22SBFC+Finance+Ltd.%22&startdatetime=20260909000000&enddatetime=20260910000000,failed,HTTP Error 429: Too Many Requests
2026-09-10T14:26:18.496158+00:00,data/raw/universe/nifty_smallcap_250_2026-09-10.csv,76a2ea1942e23c6cf0bc7264c9a72fcc79fcadbd331397a3353c3d85c18143ce,Nifty Indices current constituent file,https://www.niftyindices.com/IndexConstituent/ind_niftysmallcap250list.csv,downloaded,
2026-09-10T16:26:01.204825+00:00,data/raw/universe/nifty_smallcap_250_2026-09-10.csv,76a2ea1942e23c6cf0bc7264c9a72fcc79fcadbd331397a3353c3d85c18143ce,Nifty Indices current constituent file,https://www.niftyindices.com/IndexConstituent/ind_niftysmallcap250list.csv,downloaded,
2026-09-10T16:26:01.729416+00:00,data/raw/nse_bhavcopy/PR10092026.zip,,NSE Bhavcopy PR archive,https://nsearchives.nseindia.com/content/cm/PR10092026.zip,failed,HTTP Error 404: Not Found
2026-09-10T16:26:02.054426+00:00,data/raw/nse_bhavcopy/PR100926.zip,,NSE Bhavcopy PR archive,https://nsearchives.nseindia.com/content/cm/PR100926.zip,failed,HTTP Error 404: Not Found
2026-09-11T04:39:57.586813+00:00,data/raw/universe/nifty_smallcap_250_2026-09-11.csv,76a2ea1942e23c6cf0bc7264c9a72fcc79fcadbd331397a3353c3d85c18143ce,Nifty Indices current constituent file,https://www.niftyindices.com/IndexConstituent/ind_niftysmallcap250list.csv,downloaded,
2026-09-11T04:42:19.809067+00:00,data/raw/news/gdelt/EIHOTEL/2026-09-10.json,,GDELT 2.1 DOC API,https://api.gdeltproject.org/api/v2/doc/doc?format=json&mode=artlist&maxrecords=250&query=%22EIH+Ltd.%22&startdatetime=20260910000000&enddatetime=20260911000000,failed,response is unexpectedly short
2026-09-11T04:43:10.027540+00:00,data/raw/news/gdelt/ELECON/2026-09-10.json,,GDELT 2.1 DOC API,https://api.gdeltproject.org/api/v2/doc/doc?format=json&mode=artlist&maxrecords=250&query=%22Elecon+Engineering+Co.+Ltd.%22&startdatetime=20260910000000&enddatetime=20260911000000,failed,response is unexpectedly short
2026-09-11T04:45:21.256845+00:00,data/raw/news/gdelt/ELGIEQUIP/2026-09-10.json,,GDELT 2.1 DOC API,https://api.gdeltproject.org/api/v2/doc/doc?format=json&mode=artlist&maxrecords=250&query=%22Elgi+Equipments+Ltd.%22&startdatetime=20260910000000&enddatetime=20260911000000,failed,HTTP Error 429: Too Many Requests
2026-09-11T04:47:36.059047+00:00,data/raw/news/gdelt/EMAMILTD/2026-09-10.json,,GDELT 2.1 DOC API,https://api.gdeltproject.org/api/v2/doc/doc?format=json&mode=artlist&maxrecords=250&query=%22Emami+Ltd.%22&startdatetime=20260910000000&enddatetime=20260911000000,failed,HTTP Error 429: Too Many Requests
2026-09-11T04:49:04.244763+00:00,data/raw/news/gdelt/EMCURE/2026-09-10.json,,GDELT 2.1 DOC API,https://api.gdeltproject.org/api/v2/doc/doc?format=json&mode=artlist&maxrecords=250&query=%22Emcure+Pharmaceuticals+Ltd.%22&startdatetime=20260910000000&enddatetime=20260911000000,failed,response is unexpectedly short
2026-09-11T04:51:17.135381+00:00,data/raw/news/gdelt/EMMVEE/2026-09-10.json,,GDELT 2.1 DOC API,https://api.gdeltproject.org/api/v2/doc/doc?format=json&mode=artlist&maxrecords=250&query=%22Emmvee+Photovoltaic+Power+Ltd.%22&startdatetime=20260910000000&enddatetime=20260911000000,failed,HTTP Error 429: Too Many Requests
2026-09-11T04:51:38.901043+00:00,data/raw/news/gdelt/ENGINERSIN/2026-09-10.json,,GDELT 2.1 DOC API,https://api.gdeltproject.org/api/v2/doc/doc?format=json&mode=artlist&maxrecords=250&query=%22Engineers+India+Ltd.%22&startdatetime=20260910000000&enddatetime=20260911000000,failed,response is unexpectedly short
2026-09-11T04:51:57.751037+00:00,data/raw/news/gdelt/ERIS/2026-09-10.json,,GDELT 2.1 DOC API,https://api.gdeltproject.org/api/v2/doc/doc?format=json&mode=artlist&maxrecords=250&query=%22Eris+Lifesciences+Ltd.%22&startdatetime=20260910000000&enddatetime=20260911000000,failed,response is unexpectedly short
2026-09-11T04:54:13.545645+00:00,data/raw/news/gdelt/FACT/2026-09-10.json,,GDELT 2.1 DOC API,https://api.gdeltproject.org/api/v2/doc/doc?format=json&mode=artlist&maxrecords=250&query=%22Fertilisers+and+Chemicals+Travancore+Ltd.%22&startdatetime=20260910000000&enddatetime=20260911000000,failed,response is unexpectedly short
2026-09-11T04:54:44.377063+00:00,data/raw/news/gdelt/FINCABLES/2026-09-10.json,,GDELT 2.1 DOC API,https://api.gdeltproject.org/api/v2/doc/doc?format=json&mode=artlist&maxrecords=250&query=%22Finolex+Cables+Ltd.%22&startdatetime=20260910000000&enddatetime=20260911000000,failed,response is unexpectedly short
2026-09-11T04:55:35.706173+00:00,data/raw/news/gdelt/FSL/2026-09-10.json,,GDELT 2.1 DOC API,https://api.gdeltproject.org/api/v2/doc/doc?format=json&mode=artlist&maxrecords=250&query=%22Firstsource+Solutions+Ltd.%22&startdatetime=20260910000000&enddatetime=20260911000000,failed,response is unexpectedly short
2026-09-11T04:55:50.535113+00:00,data/raw/news/gdelt/FIVESTAR/2026-09-10.json,,GDELT 2.1 DOC API,https://api.gdeltproject.org/api/v2/doc/doc?format=json&mode=artlist&maxrecords=250&query=%22Five-Star+Business+Finance+Ltd.%22&startdatetime=20260910000000&enddatetime=20260911000000,failed,response is unexpectedly short
2026-09-11T04:56:09.231778+00:00,data/raw/news/gdelt/FORCEMOT/2026-09-10.json,,GDELT 2.1 DOC API,https://api.gdeltproject.org/api/v2/doc/doc?format=json&mode=artlist&maxrecords=250&query=%22Force+Motors+Ltd.%22&startdatetime=20260910000000&enddatetime=20260911000000,failed,response is unexpectedly short
2026-09-11T04:58:19.093491+00:00,data/raw/news/gdelt/GABRIEL/2026-09-10.json,,GDELT 2.1 DOC API,https://api.gdeltproject.org/api/v2/doc/doc?format=json&mode=artlist&maxrecords=250&query=%22Gabriel+India+Ltd.%22&startdatetime=20260910000000&enddatetime=20260911000000,failed,HTTP Error 429: Too Many Requests
2026-09-11T04:58:51.851698+00:00,data/raw/news/gdelt/GALLANTT/2026-09-10.json,,GDELT 2.1 DOC API,https://api.gdeltproject.org/api/v2/doc/doc?format=json&mode=artlist&maxrecords=250&query=%22Gallantt+Ispat+Ltd.%22&startdatetime=20260910000000&enddatetime=20260911000000,failed,response is unexpectedly short
2026-09-11T04:59:42.212819+00:00,data/raw/news/gdelt/GRSE/2026-09-10.json,,GDELT 2.1 DOC API,https://api.gdeltproject.org/api/v2/doc/doc?format=json&mode=artlist&maxrecords=250&query=%22Garden+Reach+Shipbuilders+%26+Engineers+Ltd.%22&startdatetime=20260910000000&enddatetime=20260911000000,failed,response is unexpectedly short
2026-09-11T05:02:05.454082+00:00,data/raw/news/gdelt/GILLETTE/2026-09-10.json,,GDELT 2.1 DOC API,https://api.gdeltproject.org/api/v2/doc/doc?format=json&mode=artlist&maxrecords=250&query=%22Gillette+India+Ltd.%22&startdatetime=20260910000000&enddatetime=20260911000000,failed,HTTP Error 429: Too Many Requests
2026-09-11T05:04:34.033106+00:00,data/raw/news/gdelt/GLAND/2026-09-10.json,,GDELT 2.1 DOC API,https://api.gdeltproject.org/api/v2/doc/doc?format=json&mode=artlist&maxrecords=250&query=%22Gland+Pharma+Ltd.%22&startdatetime=20260910000000&enddatetime=20260911000000,failed,response is unexpectedly short
2026-09-11T05:06:55.080818+00:00,data/raw/news/gdelt/GODIGIT/2026-09-10.json,,GDELT 2.1 DOC API,https://api.gdeltproject.org/api/v2/doc/doc?format=json&mode=artlist&maxrecords=250&query=%22Go+Digit+General+Insurance+Ltd.%22&startdatetime=20260910000000&enddatetime=20260911000000,failed,response is unexpectedly short
2026-09-11T05:09:06.000898+00:00,data/raw/news/gdelt/GPIL/2026-09-10.json,,GDELT 2.1 DOC API,https://api.gdeltproject.org/api/v2/doc/doc?format=json&mode=artlist&maxrecords=250&query=%22Godawari+Power+%26+Ispat+Ltd.%22&startdatetime=20260910000000&enddatetime=20260911000000,failed,HTTP Error 429: Too Many Requests
2026-09-11T09:41:05.981502+00:00,data/raw/universe/nifty_smallcap_250_2026-09-11.csv,76a2ea1942e23c6cf0bc7264c9a72fcc79fcadbd331397a3353c3d85c18143ce,Nifty Indices current constituent file,https://www.niftyindices.com/IndexConstituent/ind_niftysmallcap250list.csv,downloaded,
2026-09-11T09:41:35.438961+00:00,data/raw/news/gdelt/PVRINOX/2026-09-10.json,,GDELT 2.1 DOC API,https://api.gdeltproject.org/api/v2/doc/doc?format=json&mode=artlist&maxrecords=250&query=%22PVR+INOX+Ltd.%22&startdatetime=20260910000000&enddatetime=20260911000000,failed,response is unexpectedly short
2026-09-11T09:42:33.826445+00:00,data/raw/news/gdelt/PARADEEP/2026-09-10.json,,GDELT 2.1 DOC API,https://api.gdeltproject.org/api/v2/doc/doc?format=json&mode=artlist&maxrecords=250&query=%22Paradeep+Phosphates+Ltd.%22&startdatetime=20260910000000&enddatetime=20260911000000,failed,response is unexpectedly short
2026-09-11T09:44:42.287452+00:00,data/raw/news/gdelt/PFIZER/2026-09-10.json,,GDELT 2.1 DOC API,https://api.gdeltproject.org/api/v2/doc/doc?format=json&mode=artlist&maxrecords=250&query=%22Pfizer+Ltd.%22&startdatetime=20260910000000&enddatetime=20260911000000,failed,HTTP Error 429: Too Many Requests
2026-09-11T09:46:08.654963+00:00,data/raw/news/gdelt/PWL/2026-09-10.json,,GDELT 2.1 DOC API,https://api.gdeltproject.org/api/v2/doc/doc?format=json&mode=artlist&maxrecords=250&query=%22Physicswallah+Ltd.%22&startdatetime=20260910000000&enddatetime=20260911000000,failed,response is unexpectedly short
2026-09-11T09:46:25.529584+00:00,data/raw/news/gdelt/PINELABS/2026-09-10.json,,GDELT 2.1 DOC API,https://api.gdeltproject.org/api/v2/doc/doc?format=json&mode=artlist&maxrecords=250&query=%22Pine+Labs+Ltd.%22&startdatetime=20260910000000&enddatetime=20260911000000,failed,response is unexpectedly short
2026-09-11T09:46:57.482453+00:00,data/raw/news/gdelt/PIRAMALFIN/2026-09-10.json,,GDELT 2.1 DOC API,https://api.gdeltproject.org/api/v2/doc/doc?format=json&mode=artlist&maxrecords=250&query=%22Piramal+Finance+Ltd.%22&startdatetime=20260910000000&enddatetime=20260911000000,failed,response is unexpectedly short
2026-09-11T09:47:29.046305+00:00,data/raw/news/gdelt/PPLPHARMA/2026-09-10.json,,GDELT 2.1 DOC API,https://api.gdeltproject.org/api/v2/doc/doc?format=json&mode=artlist&maxrecords=250&query=%22Piramal+Pharma+Ltd.%22&startdatetime=20260910000000&enddatetime=20260911000000,failed,response is unexpectedly short
2026-09-11T09:47:44.078084+00:00,data/raw/news/gdelt/POLYMED/2026-09-10.json,,GDELT 2.1 DOC API,https://api.gdeltproject.org/api/v2/doc/doc?format=json&mode=artlist&maxrecords=250&query=%22Poly+Medicure+Ltd.%22&startdatetime=20260910000000&enddatetime=20260911000000,failed,response is unexpectedly short
2026-09-11T09:49:55.617774+00:00,data/raw/news/gdelt/POONAWALLA/2026-09-10.json,,GDELT 2.1 DOC API,https://api.gdeltproject.org/api/v2/doc/doc?format=json&mode=artlist&maxrecords=250&query=%22Poonawalla+Fincorp+Ltd.%22&startdatetime=20260910000000&enddatetime=20260911000000,failed,HTTP Error 429: Too Many Requests
2026-09-11T09:50:53.930956+00:00,data/raw/news/gdelt/PFOCUS/2026-09-10.json,,GDELT 2.1 DOC API,https://api.gdeltproject.org/api/v2/doc/doc?format=json&mode=artlist&maxrecords=250&query=%22Prime+Focus+Ltd.%22&startdatetime=20260910000000&enddatetime=20260911000000,failed,response is unexpectedly short
2026-09-11T09:51:12.140875+00:00,data/raw/news/gdelt/RRKABEL/2026-09-10.json,,GDELT 2.1 DOC API,https://api.gdeltproject.org/api/v2/doc/doc?format=json&mode=artlist&maxrecords=250&query=%22R+R+Kabel+Ltd.%22&startdatetime=20260910000000&enddatetime=20260911000000,failed,response is unexpectedly short
2026-09-11T09:52:35.394202+00:00,data/raw/news/gdelt/RBLBANK/2026-09-10.json,,GDELT 2.1 DOC API,https://api.gdeltproject.org/api/v2/doc/doc?format=json&mode=artlist&maxrecords=250&query=%22RBL+Bank+Ltd.%22&startdatetime=20260910000000&enddatetime=20260911000000,failed,response is unexpectedly short
2026-09-11T09:53:05.839528+00:00,data/raw/news/gdelt/RHIM/2026-09-10.json,,GDELT 2.1 DOC API,https://api.gdeltproject.org/api/v2/doc/doc?format=json&mode=artlist&maxrecords=250&query=%22RHI+MAGNESITA+INDIA+LTD.%22&startdatetime=20260910000000&enddatetime=20260911000000,failed,response is unexpectedly short
2026-09-11T09:53:24.875073+00:00,data/raw/news/gdelt/RITES/2026-09-10.json,,GDELT 2.1 DOC API,https://api.gdeltproject.org/api/v2/doc/doc?format=json&mode=artlist&maxrecords=250&query=%22RITES+Ltd.%22&startdatetime=20260910000000&enddatetime=20260911000000,failed,response is unexpectedly short
2026-09-11T09:55:35.594638+00:00,data/raw/news/gdelt/RAILTEL/2026-09-10.json,,GDELT 2.1 DOC API,https://api.gdeltproject.org/api/v2/doc/doc?format=json&mode=artlist&maxrecords=250&query=%22Railtel+Corporation+Of+India+Ltd.%22&startdatetime=20260910000000&enddatetime=20260911000000,failed,HTTP Error 429: Too Many Requests
2026-09-11T09:55:52.741389+00:00,data/raw/news/gdelt/RAINBOW/2026-09-10.json,,GDELT 2.1 DOC API,https://api.gdeltproject.org/api/v2/doc/doc?format=json&mode=artlist&maxrecords=250&query=%22Rainbow+Childrens+Medicare+Ltd.%22&startdatetime=20260910000000&enddatetime=20260911000000,failed,response is unexpectedly short
2026-09-11T09:56:25.396423+00:00,data/raw/news/gdelt/RKFORGE/2026-09-10.json,,GDELT 2.1 DOC API,https://api.gdeltproject.org/api/v2/doc/doc?format=json&mode=artlist&maxrecords=250&query=%22Ramkrishna+Forgings+Ltd.%22&startdatetime=20260910000000&enddatetime=20260911000000,failed,response is unexpectedly short
2026-09-11T09:56:39.763098+00:00,data/raw/news/gdelt/REDINGTON/2026-09-10.json,,GDELT 2.1 DOC API,https://api.gdeltproject.org/api/v2/doc/doc?format=json&mode=artlist&maxrecords=250&query=%22Redington+Ltd.%22&startdatetime=20260910000000&enddatetime=20260911000000,failed,response is unexpectedly short
2026-09-11T09:58:46.100739+00:00,data/raw/news/gdelt/RPOWER/2026-09-10.json,,GDELT 2.1 DOC API,https://api.gdeltproject.org/api/v2/doc/doc?format=json&mode=artlist&maxrecords=250&query=%22Reliance+Power+Ltd.%22&startdatetime=20260910000000&enddatetime=20260911000000,failed,HTTP Error 429: Too Many Requests
2026-09-11T09:59:14.091627+00:00,data/raw/news/gdelt/SBFC/2026-09-10.json,,GDELT 2.1 DOC API,https://api.gdeltproject.org/api/v2/doc/doc?format=json&mode=artlist&maxrecords=250&query=%22SBFC+Finance+Ltd.%22&startdatetime=20260910000000&enddatetime=20260911000000,failed,response is unexpectedly short
2026-09-11T14:26:04.517011+00:00,data/raw/universe/nifty_smallcap_250_2026-09-11.csv,76a2ea1942e23c6cf0bc7264c9a72fcc79fcadbd331397a3353c3d85c18143ce,Nifty Indices current constituent file,https://www.niftyindices.com/IndexConstituent/ind_niftysmallcap250list.csv,downloaded,
2026-09-11T16:29:58.977250+00:00,data/raw/universe/nifty_smallcap_250_2026-09-11.csv,76a2ea1942e23c6cf0bc7264c9a72fcc79fcadbd331397a3353c3d85c18143ce,Nifty Indices current constituent file,https://www.niftyindices.com/IndexConstituent/ind_niftysmallcap250list.csv,downloaded,
2026-09-11T16:29:59.894249+00:00,data/raw/nse_bhavcopy/PR11092026.zip,,NSE Bhavcopy PR archive,https://nsearchives.nseindia.com/content/cm/PR11092026.zip,failed,HTTP Error 404: Not Found
2026-09-11T16:30:00.271370+00:00,data/raw/nse_bhavcopy/PR110926.zip,,NSE Bhavcopy PR archive,https://nsearchives.nseindia.com/content/cm/PR110926.zip,failed,HTTP Error 404: Not Found
2026-09-14T04:56:06.375839+00:00,data/raw/universe/nifty_smallcap_250_2026-09-14.csv,76a2ea1942e23c6cf0bc7264c9a72fcc79fcadbd331397a3353c3d85c18143ce,Nifty Indices current constituent file,https://www.niftyindices.com/IndexConstituent/ind_niftysmallcap250list.csv,downloaded,
2026-09-14T04:58:15.833010+00:00,data/raw/news/gdelt/EIHOTEL/2026-09-13.json,,GDELT 2.1 DOC API,https://api.gdeltproject.org/api/v2/doc/doc?format=json&mode=artlist&maxrecords=250&query=%22EIH+Ltd.%22&startdatetime=20260913000000&enddatetime=20260914000000,failed,HTTP Error 429: Too Many Requests
2026-09-14T04:59:36.687155+00:00,data/raw/news/gdelt/ELECON/2026-09-13.json,,GDELT 2.1 DOC API,https://api.gdeltproject.org/api/v2/doc/doc?format=json&mode=artlist&maxrecords=250&query=%22Elecon+Engineering+Co.+Ltd.%22&startdatetime=20260913000000&enddatetime=20260914000000,failed,response is unexpectedly short
2026-09-14T04:59:51.757895+00:00,data/raw/news/gdelt/ELGIEQUIP/2026-09-13.json,,GDELT 2.1 DOC API,https://api.gdeltproject.org/api/v2/doc/doc?format=json&mode=artlist&maxrecords=250&query=%22Elgi+Equipments+Ltd.%22&startdatetime=20260913000000&enddatetime=20260914000000,failed,response is unexpectedly short
2026-09-14T05:00:28.498206+00:00,data/raw/news/gdelt/EMAMILTD/2026-09-13.json,,GDELT 2.1 DOC API,https://api.gdeltproject.org/api/v2/doc/doc?format=json&mode=artlist&maxrecords=250&query=%22Emami+Ltd.%22&startdatetime=20260913000000&enddatetime=20260914000000,failed,response is unexpectedly short
2026-09-14T05:03:08.253932+00:00,data/raw/news/gdelt/EMCURE/2026-09-13.json,,GDELT 2.1 DOC API,https://api.gdeltproject.org/api/v2/doc/doc?format=json&mode=artlist&maxrecords=250&query=%22Emcure+Pharmaceuticals+Ltd.%22&startdatetime=20260913000000&enddatetime=20260914000000,failed,HTTP Error 429: Too Many Requests
2026-09-14T05:03:41.768549+00:00,data/raw/news/gdelt/EMMVEE/2026-09-13.json,,GDELT 2.1 DOC API,https://api.gdeltproject.org/api/v2/doc/doc?format=json&mode=artlist&maxrecords=250&query=%22Emmvee+Photovoltaic+Power+Ltd.%22&startdatetime=20260913000000&enddatetime=20260914000000,failed,response is unexpectedly short
2026-09-14T05:05:10.960778+00:00,data/raw/news/gdelt/ENGINERSIN/2026-09-13.json,,GDELT 2.1 DOC API,https://api.gdeltproject.org/api/v2/doc/doc?format=json&mode=artlist&maxrecords=250&query=%22Engineers+India+Ltd.%22&startdatetime=20260913000000&enddatetime=20260914000000,failed,response is unexpectedly short
2026-09-14T05:06:05.955845+00:00,data/raw/news/gdelt/ERIS/2026-09-13.json,,GDELT 2.1 DOC API,https://api.gdeltproject.org/api/v2/doc/doc?format=json&mode=artlist&maxrecords=250&query=%22Eris+Lifesciences+Ltd.%22&startdatetime=20260913000000&enddatetime=20260914000000,failed,response is unexpectedly short
2026-09-14T05:07:10.883453+00:00,data/raw/news/gdelt/FACT/2026-09-13.json,,GDELT 2.1 DOC API,https://api.gdeltproject.org/api/v2/doc/doc?format=json&mode=artlist&maxrecords=250&query=%22Fertilisers+and+Chemicals+Travancore+Ltd.%22&startdatetime=20260913000000&enddatetime=20260914000000,failed,response is unexpectedly short
2026-09-14T05:09:29.739980+00:00,data/raw/news/gdelt/FINCABLES/2026-09-13.json,,GDELT 2.1 DOC API,https://api.gdeltproject.org/api/v2/doc/doc?format=json&mode=artlist&maxrecords=250&query=%22Finolex+Cables+Ltd.%22&startdatetime=20260913000000&enddatetime=20260914000000,failed,response is unexpectedly short
2026-09-14T05:11:46.102104+00:00,data/raw/news/gdelt/FSL/2026-09-13.json,,GDELT 2.1 DOC API,https://api.gdeltproject.org/api/v2/doc/doc?format=json&mode=artlist&maxrecords=250&query=%22Firstsource+Solutions+Ltd.%22&startdatetime=20260913000000&enddatetime=20260914000000,failed,HTTP Error 429: Too Many Requests
2026-09-14T05:13:59.982189+00:00,data/raw/news/gdelt/FIVESTAR/2026-09-13.json,,GDELT 2.1 DOC API,https://api.gdeltproject.org/api/v2/doc/doc?format=json&mode=artlist&maxrecords=250&query=%22Five-Star+Business+Finance+Ltd.%22&startdatetime=20260913000000&enddatetime=20260914000000,failed,HTTP Error 429: Too Many Requests
2026-09-14T05:16:26.089323+00:00,data/raw/news/gdelt/FORCEMOT/2026-09-13.json,,GDELT 2.1 DOC API,https://api.gdeltproject.org/api/v2/doc/doc?format=json&mode=artlist&maxrecords=250&query=%22Force+Motors+Ltd.%22&startdatetime=20260913000000&enddatetime=20260914000000,failed,HTTP Error 429: Too Many Requests
2026-09-14T05:18:48.113122+00:00,data/raw/news/gdelt/GABRIEL/2026-09-13.json,,GDELT 2.1 DOC API,https://api.gdeltproject.org/api/v2/doc/doc?format=json&mode=artlist&maxrecords=250&query=%22Gabriel+India+Ltd.%22&startdatetime=20260913000000&enddatetime=20260914000000,failed,HTTP Error 429: Too Many Requests
2026-09-14T05:19:21.738920+00:00,data/raw/news/gdelt/GALLANTT/2026-09-13.json,,GDELT 2.1 DOC API,https://api.gdeltproject.org/api/v2/doc/doc?format=json&mode=artlist&maxrecords=250&query=%22Gallantt+Ispat+Ltd.%22&startdatetime=20260913000000&enddatetime=20260914000000,failed,response is unexpectedly short
2026-09-14T05:19:44.651985+00:00,data/raw/news/gdelt/GRSE/2026-09-13.json,,GDELT 2.1 DOC API,https://api.gdeltproject.org/api/v2/doc/doc?format=json&mode=artlist&maxrecords=250&query=%22Garden+Reach+Shipbuilders+%26+Engineers+Ltd.%22&startdatetime=20260913000000&enddatetime=20260914000000,failed,response is unexpectedly short
2026-09-14T05:22:03.446419+00:00,data/raw/news/gdelt/GILLETTE/2026-09-13.json,,GDELT 2.1 DOC API,https://api.gdeltproject.org/api/v2/doc/doc?format=json&mode=artlist&maxrecords=250&query=%22Gillette+India+Ltd.%22&startdatetime=20260913000000&enddatetime=20260914000000,failed,HTTP Error 429: Too Many Requests
2026-09-14T05:24:19.345168+00:00,data/raw/news/gdelt/GLAND/2026-09-13.json,,GDELT 2.1 DOC API,https://api.gdeltproject.org/api/v2/doc/doc?format=json&mode=artlist&maxrecords=250&query=%22Gland+Pharma+Ltd.%22&startdatetime=20260913000000&enddatetime=20260914000000,failed,HTTP Error 429: Too Many Requests
2026-09-14T05:26:31.276971+00:00,data/raw/news/gdelt/GODIGIT/2026-09-13.json,,GDELT 2.1 DOC API,https://api.gdeltproject.org/api/v2/doc/doc?format=json&mode=artlist&maxrecords=250&query=%22Go+Digit+General+Insurance+Ltd.%22&startdatetime=20260913000000&enddatetime=20260914000000,failed,HTTP Error 429: Too Many Requests
2026-09-14T05:27:23.484241+00:00,data/raw/news/gdelt/GPIL/2026-09-13.json,,GDELT 2.1 DOC API,https://api.gdeltproject.org/api/v2/doc/doc?format=json&mode=artlist&maxrecords=250&query=%22Godawari+Power+%26+Ispat+Ltd.%22&startdatetime=20260913000000&enddatetime=20260914000000,failed,response is unexpectedly short
2026-09-14T10:38:17.382365+00:00,data/raw/universe/nifty_smallcap_250_2026-09-14.csv,76a2ea1942e23c6cf0bc7264c9a72fcc79fcadbd331397a3353c3d85c18143ce,Nifty Indices current constituent file,https://www.niftyindices.com/IndexConstituent/ind_niftysmallcap250list.csv,downloaded,
2026-09-14T10:40:25.543966+00:00,data/raw/news/gdelt/SAGILITY/2026-09-13.json,,GDELT 2.1 DOC API,https://api.gdeltproject.org/api/v2/doc/doc?format=json&mode=artlist&maxrecords=250&query=%22Sagility+Ltd.%22&startdatetime=20260913000000&enddatetime=20260914000000,failed,HTTP Error 429: Too Many Requests
2026-09-14T10:41:07.481350+00:00,data/raw/news/gdelt/SAILIFE/2026-09-13.json,,GDELT 2.1 DOC API,https://api.gdeltproject.org/api/v2/doc/doc?format=json&mode=artlist&maxrecords=250&query=%22Sai+Life+Sciences+Ltd.%22&startdatetime=20260913000000&enddatetime=20260914000000,failed,response is unexpectedly short
2026-09-14T10:43:20.514991+00:00,data/raw/news/gdelt/SAMMAANCAP/2026-09-13.json,,GDELT 2.1 DOC API,https://api.gdeltproject.org/api/v2/doc/doc?format=json&mode=artlist&maxrecords=250&query=%22Sammaan+Capital+Ltd.%22&startdatetime=20260913000000&enddatetime=20260914000000,failed,response is unexpectedly short
2026-09-14T10:45:28.140127+00:00,data/raw/news/gdelt/SAPPHIRE/2026-09-13.json,,GDELT 2.1 DOC API,https://api.gdeltproject.org/api/v2/doc/doc?format=json&mode=artlist&maxrecords=250&query=%22Sapphire+Foods+India+Ltd.%22&startdatetime=20260913000000&enddatetime=20260914000000,failed,HTTP Error 429: Too Many Requests
2026-09-14T10:47:39.957388+00:00,data/raw/news/gdelt/SARDAEN/2026-09-13.json,,GDELT 2.1 DOC API,https://api.gdeltproject.org/api/v2/doc/doc?format=json&mode=artlist&maxrecords=250&query=%22Sarda+Energy+and+Minerals+Ltd.%22&startdatetime=20260913000000&enddatetime=20260914000000,failed,HTTP Error 429: Too Many Requests
2026-09-14T10:49:16.790167+00:00,data/raw/news/gdelt/SAREGAMA/2026-09-13.json,,GDELT 2.1 DOC API,https://api.gdeltproject.org/api/v2/doc/doc?format=json&mode=artlist&maxrecords=250&query=%22Saregama+India+Ltd%22&startdatetime=20260913000000&enddatetime=20260914000000,failed,response is unexpectedly short
2026-09-14T10:49:51.589472+00:00,data/raw/news/gdelt/SCHNEIDER/2026-09-13.json,,GDELT 2.1 DOC API,https://api.gdeltproject.org/api/v2/doc/doc?format=json&mode=artlist&maxrecords=250&query=%22Schneider+Electric+Infrastructure+Ltd.%22&startdatetime=20260913000000&enddatetime=20260914000000,failed,response is unexpectedly short
2026-09-14T10:52:06.065176+00:00,data/raw/news/gdelt/SCI/2026-09-13.json,,GDELT 2.1 DOC API,https://api.gdeltproject.org/api/v2/doc/doc?format=json&mode=artlist&maxrecords=250&query=%22Shipping+Corporation+of+India+Ltd.%22&startdatetime=20260913000000&enddatetime=20260914000000,failed,HTTP Error 429: Too Many Requests
2026-09-14T10:52:56.556821+00:00,data/raw/news/gdelt/SHYAMMETL/2026-09-13.json,,GDELT 2.1 DOC API,https://api.gdeltproject.org/api/v2/doc/doc?format=json&mode=artlist&maxrecords=250&query=%22Shyam+Metalics+and+Energy+Ltd.%22&startdatetime=20260913000000&enddatetime=20260914000000,failed,response is unexpectedly short
2026-09-14T10:53:12.702900+00:00,data/raw/news/gdelt/SIGNATURE/2026-09-13.json,,GDELT 2.1 DOC API,https://api.gdeltproject.org/api/v2/doc/doc?format=json&mode=artlist&maxrecords=250&query=%22Signatureglobal+%28India%29+Ltd.%22&startdatetime=20260913000000&enddatetime=20260914000000,failed,response is unexpectedly short
2026-09-14T10:54:40.335079+00:00,data/raw/news/gdelt/SOBHA/2026-09-13.json,,GDELT 2.1 DOC API,https://api.gdeltproject.org/api/v2/doc/doc?format=json&mode=artlist&maxrecords=250&query=%22Sobha+Ltd.%22&startdatetime=20260913000000&enddatetime=20260914000000,failed,response is unexpectedly short
2026-09-14T10:56:11.992922+00:00,data/raw/news/gdelt/SONACOMS/2026-09-13.json,,GDELT 2.1 DOC API,https://api.gdeltproject.org/api/v2/doc/doc?format=json&mode=artlist&maxrecords=250&query=%22Sona+BLW+Precision+Forgings+Ltd.%22&startdatetime=20260913000000&enddatetime=20260914000000,failed,response is unexpectedly short
2026-09-14T10:58:16.662383+00:00,data/raw/news/gdelt/SONATSOFTW/2026-09-13.json,,GDELT 2.1 DOC API,https://api.gdeltproject.org/api/v2/doc/doc?format=json&mode=artlist&maxrecords=250&query=%22Sonata+Software+Ltd.%22&startdatetime=20260913000000&enddatetime=20260914000000,failed,HTTP Error 429: Too Many Requests
2026-09-14T11:00:24.523900+00:00,data/raw/news/gdelt/STARHEALTH/2026-09-13.json,,GDELT 2.1 DOC API,https://api.gdeltproject.org/api/v2/doc/doc?format=json&mode=artlist&maxrecords=250&query=%22Star+Health+and+Allied+Insurance+Company+Ltd.%22&startdatetime=20260913000000&enddatetime=20260914000000,failed,HTTP Error 429: Too Many Requests
2026-09-14T11:00:44.749064+00:00,data/raw/news/gdelt/SUMICHEM/2026-09-13.json,,GDELT 2.1 DOC API,https://api.gdeltproject.org/api/v2/doc/doc?format=json&mode=artlist&maxrecords=250&query=%22Sumitomo+Chemical+India+Ltd.%22&startdatetime=20260913000000&enddatetime=20260914000000,failed,response is unexpectedly short
2026-09-14T11:01:50.672950+00:00,data/raw/news/gdelt/SUNTV/2026-09-13.json,,GDELT 2.1 DOC API,https://api.gdeltproject.org/api/v2/doc/doc?format=json&mode=artlist&maxrecords=250&query=%22Sun+TV+Network+Ltd.%22&startdatetime=20260913000000&enddatetime=20260914000000,failed,response is unexpectedly short
2026-09-14T11:04:26.840560+00:00,data/raw/news/gdelt/SPLPETRO/2026-09-13.json,,GDELT 2.1 DOC API,https://api.gdeltproject.org/api/v2/doc/doc?format=json&mode=artlist&maxrecords=250&query=%22Supreme+Petrochem+Ltd.%22&startdatetime=20260913000000&enddatetime=20260914000000,failed,response is unexpectedly short
2026-09-14T11:06:41.884921+00:00,data/raw/news/gdelt/SWANCORP/2026-09-13.json,,GDELT 2.1 DOC API,https://api.gdeltproject.org/api/v2/doc/doc?format=json&mode=artlist&maxrecords=250&query=%22Swan+Corp+Ltd.%22&startdatetime=20260913000000&enddatetime=20260914000000,failed,HTTP Error 429: Too Many Requests
2026-09-14T11:08:07.868789+00:00,data/raw/news/gdelt/SYNGENE/2026-09-13.json,,GDELT 2.1 DOC API,https://api.gdeltproject.org/api/v2/doc/doc?format=json&mode=artlist&maxrecords=250&query=%22Syngene+International+Ltd.%22&startdatetime=20260913000000&enddatetime=20260914000000,failed,response is unexpectedly short
2026-09-14T11:08:26.092750+00:00,data/raw/news/gdelt/SYRMA/2026-09-13.json,,GDELT 2.1 DOC API,https://api.gdeltproject.org/api/v2/doc/doc?format=json&mode=artlist&maxrecords=250&query=%22Syrma+SGS+Technology+Ltd.%22&startdatetime=20260913000000&enddatetime=20260914000000,failed,response is unexpectedly short
2026-09-14T16:57:27.452479+00:00,data/raw/universe/nifty_smallcap_250_2026-09-14.csv,76a2ea1942e23c6cf0bc7264c9a72fcc79fcadbd331397a3353c3d85c18143ce,Nifty Indices current constituent file,https://www.niftyindices.com/IndexConstituent/ind_niftysmallcap250list.csv,downloaded,
2026-09-14T18:05:04.998302+00:00,data/raw/universe/nifty_smallcap_250_2026-09-14.csv,76a2ea1942e23c6cf0bc7264c9a72fcc79fcadbd331397a3353c3d85c18143ce,Nifty Indices current constituent file,https://www.niftyindices.com/IndexConstituent/ind_niftysmallcap250list.csv,downloaded,
2026-09-14T18:05:05.583611+00:00,data/raw/nse_bhavcopy/PR14092026.zip,,NSE Bhavcopy PR archive,https://nsearchives.nseindia.com/content/cm/PR14092026.zip,failed,HTTP Error 404: Not Found
2026-09-14T18:05:05.885346+00:00,data/raw/nse_bhavcopy/PR140926.zip,,NSE Bhavcopy PR archive,https://nsearchives.nseindia.com/content/cm/PR140926.zip,failed,HTTP Error 404: Not Found
2026-09-15T04:54:04.289051+00:00,data/raw/universe/nifty_smallcap_250_2026-09-15.csv,76a2ea1942e23c6cf0bc7264c9a72fcc79fcadbd331397a3353c3d85c18143ce,Nifty Indices current constituent file,https://www.niftyindices.com/IndexConstituent/ind_niftysmallcap250list.csv,downloaded,
2026-09-15T04:54:38.442535+00:00,data/raw/news/gdelt/EIHOTEL/2026-09-14.json,,GDELT 2.1 DOC API,https://api.gdeltproject.org/api/v2/doc/doc?format=json&mode=artlist&maxrecords=250&query=%22EIH+Ltd.%22&startdatetime=20260914000000&enddatetime=20260915000000,failed,response is unexpectedly short
2026-09-15T04:54:53.820358+00:00,data/raw/news/gdelt/ELECON/2026-09-14.json,,GDELT 2.1 DOC API,https://api.gdeltproject.org/api/v2/doc/doc?format=json&mode=artlist&maxrecords=250&query=%22Elecon+Engineering+Co.+Ltd.%22&startdatetime=20260914000000&enddatetime=20260915000000,failed,response is unexpectedly short
2026-09-15T04:55:53.126041+00:00,data/raw/news/gdelt/ELGIEQUIP/2026-09-14.json,,GDELT 2.1 DOC API,https://api.gdeltproject.org/api/v2/doc/doc?format=json&mode=artlist&maxrecords=250&query=%22Elgi+Equipments+Ltd.%22&startdatetime=20260914000000&enddatetime=20260915000000,failed,response is unexpectedly short
2026-09-15T04:58:04.006127+00:00,data/raw/news/gdelt/EMAMILTD/2026-09-14.json,,GDELT 2.1 DOC API,https://api.gdeltproject.org/api/v2/doc/doc?format=json&mode=artlist&maxrecords=250&query=%22Emami+Ltd.%22&startdatetime=20260914000000&enddatetime=20260915000000,failed,HTTP Error 429: Too Many Requests
2026-09-15T04:58:43.773150+00:00,data/raw/news/gdelt/EMCURE/2026-09-14.json,,GDELT 2.1 DOC API,https://api.gdeltproject.org/api/v2/doc/doc?format=json&mode=artlist&maxrecords=250&query=%22Emcure+Pharmaceuticals+Ltd.%22&startdatetime=20260914000000&enddatetime=20260915000000,failed,response is unexpectedly short
2026-09-15T05:00:58.007078+00:00,data/raw/news/gdelt/EMMVEE/2026-09-14.json,,GDELT 2.1 DOC API,https://api.gdeltproject.org/api/v2/doc/doc?format=json&mode=artlist&maxrecords=250&query=%22Emmvee+Photovoltaic+Power+Ltd.%22&startdatetime=20260914000000&enddatetime=20260915000000,failed,HTTP Error 429: Too Many Requests
2026-09-15T05:01:46.680623+00:00,data/raw/news/gdelt/ENGINERSIN/2026-09-14.json,,GDELT 2.1 DOC API,https://api.gdeltproject.org/api/v2/doc/doc?format=json&mode=artlist&maxrecords=250&query=%22Engineers+India+Ltd.%22&startdatetime=20260914000000&enddatetime=20260915000000,failed,response is unexpectedly short
2026-09-15T05:02:13.339888+00:00,data/raw/news/gdelt/ERIS/2026-09-14.json,,GDELT 2.1 DOC API,https://api.gdeltproject.org/api/v2/doc/doc?format=json&mode=artlist&maxrecords=250&query=%22Eris+Lifesciences+Ltd.%22&startdatetime=20260914000000&enddatetime=20260915000000,failed,response is unexpectedly short
2026-09-15T05:04:43.328836+00:00,data/raw/news/gdelt/FACT/2026-09-14.json,,GDELT 2.1 DOC API,https://api.gdeltproject.org/api/v2/doc/doc?format=json&mode=artlist&maxrecords=250&query=%22Fertilisers+and+Chemicals+Travancore+Ltd.%22&startdatetime=20260914000000&enddatetime=20260915000000,failed,response is unexpectedly short
2026-09-15T05:06:59.557086+00:00,data/raw/news/gdelt/FINCABLES/2026-09-14.json,,GDELT 2.1 DOC API,https://api.gdeltproject.org/api/v2/doc/doc?format=json&mode=artlist&maxrecords=250&query=%22Finolex+Cables+Ltd.%22&startdatetime=20260914000000&enddatetime=20260915000000,failed,HTTP Error 429: Too Many Requests
2026-09-15T05:09:15.594994+00:00,data/raw/news/gdelt/FSL/2026-09-14.json,,GDELT 2.1 DOC API,https://api.gdeltproject.org/api/v2/doc/doc?format=json&mode=artlist&maxrecords=250&query=%22Firstsource+Solutions+Ltd.%22&startdatetime=20260914000000&enddatetime=20260915000000,failed,HTTP Error 429: Too Many Requests
2026-09-15T05:10:51.351287+00:00,data/raw/news/gdelt/FIVESTAR/2026-09-14.json,,GDELT 2.1 DOC API,https://api.gdeltproject.org/api/v2/doc/doc?format=json&mode=artlist&maxrecords=250&query=%22Five-Star+Business+Finance+Ltd.%22&startdatetime=20260914000000&enddatetime=20260915000000,failed,response is unexpectedly short
2026-09-15T05:13:06.246187+00:00,data/raw/news/gdelt/FORCEMOT/2026-09-14.json,,GDELT 2.1 DOC API,https://api.gdeltproject.org/api/v2/doc/doc?format=json&mode=artlist&maxrecords=250&query=%22Force+Motors+Ltd.%22&startdatetime=20260914000000&enddatetime=20260915000000,failed,HTTP Error 429: Too Many Requests
2026-09-15T05:15:10.876678+00:00,data/raw/news/gdelt/GABRIEL/2026-09-14.json,,GDELT 2.1 DOC API,https://api.gdeltproject.org/api/v2/doc/doc?format=json&mode=artlist&maxrecords=250&query=%22Gabriel+India+Ltd.%22&startdatetime=20260914000000&enddatetime=20260915000000,failed,response is unexpectedly short
2026-09-15T05:17:28.136244+00:00,data/raw/news/gdelt/GALLANTT/2026-09-14.json,,GDELT 2.1 DOC API,https://api.gdeltproject.org/api/v2/doc/doc?format=json&mode=artlist&maxrecords=250&query=%22Gallantt+Ispat+Ltd.%22&startdatetime=20260914000000&enddatetime=20260915000000,failed,HTTP Error 429: Too Many Requests
2026-09-15T05:17:43.892246+00:00,data/raw/news/gdelt/GRSE/2026-09-14.json,,GDELT 2.1 DOC API,https://api.gdeltproject.org/api/v2/doc/doc?format=json&mode=artlist&maxrecords=250&query=%22Garden+Reach+Shipbuilders+%26+Engineers+Ltd.%22&startdatetime=20260914000000&enddatetime=20260915000000,failed,response is unexpectedly short
2026-09-15T05:19:11.573970+00:00,data/raw/news/gdelt/GILLETTE/2026-09-14.json,,GDELT 2.1 DOC API,https://api.gdeltproject.org/api/v2/doc/doc?format=json&mode=artlist&maxrecords=250&query=%22Gillette+India+Ltd.%22&startdatetime=20260914000000&enddatetime=20260915000000,failed,response is unexpectedly short
2026-09-15T05:21:37.933201+00:00,data/raw/news/gdelt/GLAND/2026-09-14.json,,GDELT 2.1 DOC API,https://api.gdeltproject.org/api/v2/doc/doc?format=json&mode=artlist&maxrecords=250&query=%22Gland+Pharma+Ltd.%22&startdatetime=20260914000000&enddatetime=20260915000000,failed,HTTP Error 429: Too Many Requests
2026-09-15T05:23:49.838078+00:00,data/raw/news/gdelt/GODIGIT/2026-09-14.json,,GDELT 2.1 DOC API,https://api.gdeltproject.org/api/v2/doc/doc?format=json&mode=artlist&maxrecords=250&query=%22Go+Digit+General+Insurance+Ltd.%22&startdatetime=20260914000000&enddatetime=20260915000000,failed,HTTP Error 429: Too Many Requests
2026-09-15T05:26:09.840876+00:00,data/raw/news/gdelt/GPIL/2026-09-14.json,,GDELT 2.1 DOC API,https://api.gdeltproject.org/api/v2/doc/doc?format=json&mode=artlist&maxrecords=250&query=%22Godawari+Power+%26+Ispat+Ltd.%22&startdatetime=20260914000000&enddatetime=20260915000000,failed,response is unexpectedly short
2026-09-15T10:04:25.479316+00:00,data/raw/universe/nifty_smallcap_250_2026-09-15.csv,76a2ea1942e23c6cf0bc7264c9a72fcc79fcadbd331397a3353c3d85c18143ce,Nifty Indices current constituent file,https://www.niftyindices.com/IndexConstituent/ind_niftysmallcap250list.csv,downloaded,
2026-09-15T10:06:43.256125+00:00,data/raw/news/gdelt/SAGILITY/2026-09-14.json,,GDELT 2.1 DOC API,https://api.gdeltproject.org/api/v2/doc/doc?format=json&mode=artlist&maxrecords=250&query=%22Sagility+Ltd.%22&startdatetime=20260914000000&enddatetime=20260915000000,failed,HTTP Error 429: Too Many Requests
2026-09-15T10:09:05.657255+00:00,data/raw/news/gdelt/SAILIFE/2026-09-14.json,,GDELT 2.1 DOC API,https://api.gdeltproject.org/api/v2/doc/doc?format=json&mode=artlist&maxrecords=250&query=%22Sai+Life+Sciences+Ltd.%22&startdatetime=20260914000000&enddatetime=20260915000000,failed,response is unexpectedly short
2026-09-15T10:11:22.453244+00:00,data/raw/news/gdelt/SAMMAANCAP/2026-09-14.json,,GDELT 2.1 DOC API,https://api.gdeltproject.org/api/v2/doc/doc?format=json&mode=artlist&maxrecords=250&query=%22Sammaan+Capital+Ltd.%22&startdatetime=20260914000000&enddatetime=20260915000000,failed,HTTP Error 429: Too Many Requests
2026-09-15T10:13:34.923984+00:00,data/raw/news/gdelt/SAPPHIRE/2026-09-14.json,,GDELT 2.1 DOC API,https://api.gdeltproject.org/api/v2/doc/doc?format=json&mode=artlist&maxrecords=250&query=%22Sapphire+Foods+India+Ltd.%22&startdatetime=20260914000000&enddatetime=20260915000000,failed,HTTP Error 429: Too Many Requests
2026-09-15T10:15:48.788614+00:00,data/raw/news/gdelt/SARDAEN/2026-09-14.json,,GDELT 2.1 DOC API,https://api.gdeltproject.org/api/v2/doc/doc?format=json&mode=artlist&maxrecords=250&query=%22Sarda+Energy+and+Minerals+Ltd.%22&startdatetime=20260914000000&enddatetime=20260915000000,failed,HTTP Error 429: Too Many Requests
2026-09-15T10:16:05.878917+00:00,data/raw/news/gdelt/SAREGAMA/2026-09-14.json,,GDELT 2.1 DOC API,https://api.gdeltproject.org/api/v2/doc/doc?format=json&mode=artlist&maxrecords=250&query=%22Saregama+India+Ltd%22&startdatetime=20260914000000&enddatetime=20260915000000,failed,response is unexpectedly short
2026-09-15T10:16:25.878759+00:00,data/raw/news/gdelt/SCHNEIDER/2026-09-14.json,,GDELT 2.1 DOC API,https://api.gdeltproject.org/api/v2/doc/doc?format=json&mode=artlist&maxrecords=250&query=%22Schneider+Electric+Infrastructure+Ltd.%22&startdatetime=20260914000000&enddatetime=20260915000000,failed,response is unexpectedly short
2026-09-15T10:18:40.575755+00:00,data/raw/news/gdelt/SCI/2026-09-14.json,,GDELT 2.1 DOC API,https://api.gdeltproject.org/api/v2/doc/doc?format=json&mode=artlist&maxrecords=250&query=%22Shipping+Corporation+of+India+Ltd.%22&startdatetime=20260914000000&enddatetime=20260915000000,failed,HTTP Error 429: Too Many Requests
2026-09-15T10:19:35.892056+00:00,data/raw/news/gdelt/SHYAMMETL/2026-09-14.json,,GDELT 2.1 DOC API,https://api.gdeltproject.org/api/v2/doc/doc?format=json&mode=artlist&maxrecords=250&query=%22Shyam+Metalics+and+Energy+Ltd.%22&startdatetime=20260914000000&enddatetime=20260915000000,failed,response is unexpectedly short
2026-09-15T10:19:53.051142+00:00,data/raw/news/gdelt/SIGNATURE/2026-09-14.json,,GDELT 2.1 DOC API,https://api.gdeltproject.org/api/v2/doc/doc?format=json&mode=artlist&maxrecords=250&query=%22Signatureglobal+%28India%29+Ltd.%22&startdatetime=20260914000000&enddatetime=20260915000000,failed,response is unexpectedly short
2026-09-15T10:20:27.295764+00:00,data/raw/news/gdelt/SOBHA/2026-09-14.json,,GDELT 2.1 DOC API,https://api.gdeltproject.org/api/v2/doc/doc?format=json&mode=artlist&maxrecords=250&query=%22Sobha+Ltd.%22&startdatetime=20260914000000&enddatetime=20260915000000,failed,response is unexpectedly short
2026-09-15T10:20:45.365225+00:00,data/raw/news/gdelt/SONACOMS/2026-09-14.json,,GDELT 2.1 DOC API,https://api.gdeltproject.org/api/v2/doc/doc?format=json&mode=artlist&maxrecords=250&query=%22Sona+BLW+Precision+Forgings+Ltd.%22&startdatetime=20260914000000&enddatetime=20260915000000,failed,response is unexpectedly short
2026-09-15T10:23:14.132414+00:00,data/raw/news/gdelt/SONATSOFTW/2026-09-14.json,,GDELT 2.1 DOC API,https://api.gdeltproject.org/api/v2/doc/doc?format=json&mode=artlist&maxrecords=250&query=%22Sonata+Software+Ltd.%22&startdatetime=20260914000000&enddatetime=20260915000000,failed,HTTP Error 429: Too Many Requests
2026-09-15T10:23:34.845934+00:00,data/raw/news/gdelt/STARHEALTH/2026-09-14.json,,GDELT 2.1 DOC API,https://api.gdeltproject.org/api/v2/doc/doc?format=json&mode=artlist&maxrecords=250&query=%22Star+Health+and+Allied+Insurance+Company+Ltd.%22&startdatetime=20260914000000&enddatetime=20260915000000,failed,response is unexpectedly short
2026-09-15T10:23:51.015095+00:00,data/raw/news/gdelt/SUMICHEM/2026-09-14.json,,GDELT 2.1 DOC API,https://api.gdeltproject.org/api/v2/doc/doc?format=json&mode=artlist&maxrecords=250&query=%22Sumitomo+Chemical+India+Ltd.%22&startdatetime=20260914000000&enddatetime=20260915000000,failed,response is unexpectedly short
2026-09-15T10:24:10.758761+00:00,data/raw/news/gdelt/SUNTV/2026-09-14.json,,GDELT 2.1 DOC API,https://api.gdeltproject.org/api/v2/doc/doc?format=json&mode=artlist&maxrecords=250&query=%22Sun+TV+Network+Ltd.%22&startdatetime=20260914000000&enddatetime=20260915000000,failed,response is unexpectedly short
2026-09-15T10:24:48.555370+00:00,data/raw/news/gdelt/SPLPETRO/2026-09-14.json,,GDELT 2.1 DOC API,https://api.gdeltproject.org/api/v2/doc/doc?format=json&mode=artlist&maxrecords=250&query=%22Supreme+Petrochem+Ltd.%22&startdatetime=20260914000000&enddatetime=20260915000000,failed,response is unexpectedly short
2026-09-15T10:27:00.777043+00:00,data/raw/news/gdelt/SWANCORP/2026-09-14.json,,GDELT 2.1 DOC API,https://api.gdeltproject.org/api/v2/doc/doc?format=json&mode=artlist&maxrecords=250&query=%22Swan+Corp+Ltd.%22&startdatetime=20260914000000&enddatetime=20260915000000,failed,HTTP Error 429: Too Many Requests
2026-09-15T10:27:17.781825+00:00,data/raw/news/gdelt/SYNGENE/2026-09-14.json,,GDELT 2.1 DOC API,https://api.gdeltproject.org/api/v2/doc/doc?format=json&mode=artlist&maxrecords=250&query=%22Syngene+International+Ltd.%22&startdatetime=20260914000000&enddatetime=20260915000000,failed,response is unexpectedly short
2026-09-15T10:27:53.227029+00:00,data/raw/news/gdelt/SYRMA/2026-09-14.json,,GDELT 2.1 DOC API,https://api.gdeltproject.org/api/v2/doc/doc?format=json&mode=artlist&maxrecords=250&query=%22Syrma+SGS+Technology+Ltd.%22&startdatetime=20260914000000&enddatetime=20260915000000,failed,response is unexpectedly short
2026-09-15T15:00:06.378215+00:00,data/raw/universe/nifty_smallcap_250_2026-09-15.csv,76a2ea1942e23c6cf0bc7264c9a72fcc79fcadbd331397a3353c3d85c18143ce,Nifty Indices current constituent file,https://www.niftyindices.com/IndexConstituent/ind_niftysmallcap250list.csv,downloaded,
2026-09-15T17:00:54.262652+00:00,data/raw/universe/nifty_smallcap_250_2026-09-15.csv,76a2ea1942e23c6cf0bc7264c9a72fcc79fcadbd331397a3353c3d85c18143ce,Nifty Indices current constituent file,https://www.niftyindices.com/IndexConstituent/ind_niftysmallcap250list.csv,downloaded,
2026-09-15T17:00:54.673019+00:00,data/raw/nse_bhavcopy/PR15092026.zip,,NSE Bhavcopy PR archive,https://nsearchives.nseindia.com/content/cm/PR15092026.zip,failed,HTTP Error 404: Not Found
2026-09-15T17:00:55.050625+00:00,data/raw/nse_bhavcopy/PR150926.zip,,NSE Bhavcopy PR archive,https://nsearchives.nseindia.com/content/cm/PR150926.zip,failed,HTTP Error 404: Not Found
2026-09-16T04:48:45.638007+00:00,data/raw/universe/nifty_smallcap_250_2026-09-16.csv,76a2ea1942e23c6cf0bc7264c9a72fcc79fcadbd331397a3353c3d85c18143ce,Nifty Indices current constituent file,https://www.niftyindices.com/IndexConstituent/ind_niftysmallcap250list.csv,downloaded,
2026-09-16T04:48:59.209194+00:00,data/raw/news/gdelt/EIHOTEL/2026-09-15.json,,GDELT 2.1 DOC API,https://api.gdeltproject.org/api/v2/doc/doc?format=json&mode=artlist&maxrecords=250&query=%22EIH+Ltd.%22&startdatetime=20260915000000&enddatetime=20260916000000,failed,response is unexpectedly short
2026-09-16T04:49:50.575584+00:00,data/raw/news/gdelt/ELECON/2026-09-15.json,,GDELT 2.1 DOC API,https://api.gdeltproject.org/api/v2/doc/doc?format=json&mode=artlist&maxrecords=250&query=%22Elecon+Engineering+Co.+Ltd.%22&startdatetime=20260915000000&enddatetime=20260916000000,failed,response is unexpectedly short
2026-09-16T04:52:12.920392+00:00,data/raw/news/gdelt/ELGIEQUIP/2026-09-15.json,,GDELT 2.1 DOC API,https://api.gdeltproject.org/api/v2/doc/doc?format=json&mode=artlist&maxrecords=250&query=%22Elgi+Equipments+Ltd.%22&startdatetime=20260915000000&enddatetime=20260916000000,failed,response is unexpectedly short
2026-09-16T04:54:25.147223+00:00,data/raw/news/gdelt/EMAMILTD/2026-09-15.json,,GDELT 2.1 DOC API,https://api.gdeltproject.org/api/v2/doc/doc?format=json&mode=artlist&maxrecords=250&query=%22Emami+Ltd.%22&startdatetime=20260915000000&enddatetime=20260916000000,failed,HTTP Error 429: Too Many Requests
2026-09-16T04:56:37.437335+00:00,data/raw/news/gdelt/EMCURE/2026-09-15.json,,GDELT 2.1 DOC API,https://api.gdeltproject.org/api/v2/doc/doc?format=json&mode=artlist&maxrecords=250&query=%22Emcure+Pharmaceuticals+Ltd.%22&startdatetime=20260915000000&enddatetime=20260916000000,failed,response is unexpectedly short
2026-09-16T04:58:43.056498+00:00,data/raw/news/gdelt/EMMVEE/2026-09-15.json,,GDELT 2.1 DOC API,https://api.gdeltproject.org/api/v2/doc/doc?format=json&mode=artlist&maxrecords=250&query=%22Emmvee+Photovoltaic+Power+Ltd.%22&startdatetime=20260915000000&enddatetime=20260916000000,failed,HTTP Error 429: Too Many Requests
2026-09-16T05:00:52.050061+00:00,data/raw/news/gdelt/ENGINERSIN/2026-09-15.json,,GDELT 2.1 DOC API,https://api.gdeltproject.org/api/v2/doc/doc?format=json&mode=artlist&maxrecords=250&query=%22Engineers+India+Ltd.%22&startdatetime=20260915000000&enddatetime=20260916000000,failed,HTTP Error 429: Too Many Requests
2026-09-16T05:03:30.863251+00:00,data/raw/news/gdelt/ERIS/2026-09-15.json,,GDELT 2.1 DOC API,https://api.gdeltproject.org/api/v2/doc/doc?format=json&mode=artlist&maxrecords=250&query=%22Eris+Lifesciences+Ltd.%22&startdatetime=20260915000000&enddatetime=20260916000000,failed,HTTP Error 429: Too Many Requests
2026-09-16T05:05:48.461702+00:00,data/raw/news/gdelt/FACT/2026-09-15.json,,GDELT 2.1 DOC API,https://api.gdeltproject.org/api/v2/doc/doc?format=json&mode=artlist&maxrecords=250&query=%22Fertilisers+and+Chemicals+Travancore+Ltd.%22&startdatetime=20260915000000&enddatetime=20260916000000,failed,HTTP Error 429: Too Many Requests
2026-09-16T05:08:16.716302+00:00,data/raw/news/gdelt/FINCABLES/2026-09-15.json,,GDELT 2.1 DOC API,https://api.gdeltproject.org/api/v2/doc/doc?format=json&mode=artlist&maxrecords=250&query=%22Finolex+Cables+Ltd.%22&startdatetime=20260915000000&enddatetime=20260916000000,failed,response is unexpectedly short
2026-09-16T05:10:41.168159+00:00,data/raw/news/gdelt/FSL/2026-09-15.json,,GDELT 2.1 DOC API,https://api.gdeltproject.org/api/v2/doc/doc?format=json&mode=artlist&maxrecords=250&query=%22Firstsource+Solutions+Ltd.%22&startdatetime=20260915000000&enddatetime=20260916000000,failed,response is unexpectedly short
2026-09-16T05:12:11.040248+00:00,data/raw/news/gdelt/FIVESTAR/2026-09-15.json,,GDELT 2.1 DOC API,https://api.gdeltproject.org/api/v2/doc/doc?format=json&mode=artlist&maxrecords=250&query=%22Five-Star+Business+Finance+Ltd.%22&startdatetime=20260915000000&enddatetime=20260916000000,failed,response is unexpectedly short
2026-09-16T05:12:25.215668+00:00,data/raw/news/gdelt/FORCEMOT/2026-09-15.json,,GDELT 2.1 DOC API,https://api.gdeltproject.org/api/v2/doc/doc?format=json&mode=artlist&maxrecords=250&query=%22Force+Motors+Ltd.%22&startdatetime=20260915000000&enddatetime=20260916000000,failed,response is unexpectedly short
2026-09-16T05:13:50.649274+00:00,data/raw/news/gdelt/GABRIEL/2026-09-15.json,,GDELT 2.1 DOC API,https://api.gdeltproject.org/api/v2/doc/doc?format=json&mode=artlist&maxrecords=250&query=%22Gabriel+India+Ltd.%22&startdatetime=20260915000000&enddatetime=20260916000000,failed,response is unexpectedly short
2026-09-16T05:16:06.239358+00:00,data/raw/news/gdelt/GALLANTT/2026-09-15.json,,GDELT 2.1 DOC API,https://api.gdeltproject.org/api/v2/doc/doc?format=json&mode=artlist&maxrecords=250&query=%22Gallantt+Ispat+Ltd.%22&startdatetime=20260915000000&enddatetime=20260916000000,failed,response is unexpectedly short
2026-09-16T05:16:45.179730+00:00,data/raw/news/gdelt/GRSE/2026-09-15.json,,GDELT 2.1 DOC API,https://api.gdeltproject.org/api/v2/doc/doc?format=json&mode=artlist&maxrecords=250&query=%22Garden+Reach+Shipbuilders+%26+Engineers+Ltd.%22&startdatetime=20260915000000&enddatetime=20260916000000,failed,response is unexpectedly short
2026-09-16T05:19:02.116066+00:00,data/raw/news/gdelt/GILLETTE/2026-09-15.json,,GDELT 2.1 DOC API,https://api.gdeltproject.org/api/v2/doc/doc?format=json&mode=artlist&maxrecords=250&query=%22Gillette+India+Ltd.%22&startdatetime=20260915000000&enddatetime=20260916000000,failed,HTTP Error 429: Too Many Requests
2026-09-16T05:19:55.208910+00:00,data/raw/news/gdelt/GLAND/2026-09-15.json,,GDELT 2.1 DOC API,https://api.gdeltproject.org/api/v2/doc/doc?format=json&mode=artlist&maxrecords=250&query=%22Gland+Pharma+Ltd.%22&startdatetime=20260915000000&enddatetime=20260916000000,failed,response is unexpectedly short
2026-09-16T05:22:08.800714+00:00,data/raw/news/gdelt/GODIGIT/2026-09-15.json,,GDELT 2.1 DOC API,https://api.gdeltproject.org/api/v2/doc/doc?format=json&mode=artlist&maxrecords=250&query=%22Go+Digit+General+Insurance+Ltd.%22&startdatetime=20260915000000&enddatetime=20260916000000,failed,HTTP Error 429: Too Many Requests
2026-09-16T05:22:40.258490+00:00,data/raw/news/gdelt/GPIL/2026-09-15.json,,GDELT 2.1 DOC API,https://api.gdeltproject.org/api/v2/doc/doc?format=json&mode=artlist&maxrecords=250&query=%22Godawari+Power+%26+Ispat+Ltd.%22&startdatetime=20260915000000&enddatetime=20260916000000,failed,response is unexpectedly short
2026-09-16T09:57:32.893771+00:00,data/raw/universe/nifty_smallcap_250_2026-09-16.csv,76a2ea1942e23c6cf0bc7264c9a72fcc79fcadbd331397a3353c3d85c18143ce,Nifty Indices current constituent file,https://www.niftyindices.com/IndexConstituent/ind_niftysmallcap250list.csv,downloaded,
2026-09-16T09:58:17.645731+00:00,data/raw/news/gdelt/PVRINOX/2026-09-15.json,,GDELT 2.1 DOC API,https://api.gdeltproject.org/api/v2/doc/doc?format=json&mode=artlist&maxrecords=250&query=%22PVR+INOX+Ltd.%22&startdatetime=20260915000000&enddatetime=20260916000000,failed,response is unexpectedly short
2026-09-16T09:59:08.566570+00:00,data/raw/news/gdelt/PARADEEP/2026-09-15.json,,GDELT 2.1 DOC API,https://api.gdeltproject.org/api/v2/doc/doc?format=json&mode=artlist&maxrecords=250&query=%22Paradeep+Phosphates+Ltd.%22&startdatetime=20260915000000&enddatetime=20260916000000,failed,response is unexpectedly short
2026-09-16T09:59:25.181774+00:00,data/raw/news/gdelt/PFIZER/2026-09-15.json,,GDELT 2.1 DOC API,https://api.gdeltproject.org/api/v2/doc/doc?format=json&mode=artlist&maxrecords=250&query=%22Pfizer+Ltd.%22&startdatetime=20260915000000&enddatetime=20260916000000,failed,response is unexpectedly short
2026-09-16T10:00:49.085072+00:00,data/raw/news/gdelt/PWL/2026-09-15.json,,GDELT 2.1 DOC API,https://api.gdeltproject.org/api/v2/doc/doc?format=json&mode=artlist&maxrecords=250&query=%22Physicswallah+Ltd.%22&startdatetime=20260915000000&enddatetime=20260916000000,failed,response is unexpectedly short
2026-09-16T10:01:37.338970+00:00,data/raw/news/gdelt/PINELABS/2026-09-15.json,,GDELT 2.1 DOC API,https://api.gdeltproject.org/api/v2/doc/doc?format=json&mode=artlist&maxrecords=250&query=%22Pine+Labs+Ltd.%22&startdatetime=20260915000000&enddatetime=20260916000000,failed,response is unexpectedly short
2026-09-16T10:03:16.086878+00:00,data/raw/news/gdelt/PIRAMALFIN/2026-09-15.json,,GDELT 2.1 DOC API,https://api.gdeltproject.org/api/v2/doc/doc?format=json&mode=artlist&maxrecords=250&query=%22Piramal+Finance+Ltd.%22&startdatetime=20260915000000&enddatetime=20260916000000,failed,response is unexpectedly short
2026-09-16T10:05:40.596253+00:00,data/raw/news/gdelt/PPLPHARMA/2026-09-15.json,,GDELT 2.1 DOC API,https://api.gdeltproject.org/api/v2/doc/doc?format=json&mode=artlist&maxrecords=250&query=%22Piramal+Pharma+Ltd.%22&startdatetime=20260915000000&enddatetime=20260916000000,failed,response is unexpectedly short
2026-09-16T10:08:07.833492+00:00,data/raw/news/gdelt/POLYMED/2026-09-15.json,,GDELT 2.1 DOC API,https://api.gdeltproject.org/api/v2/doc/doc?format=json&mode=artlist&maxrecords=250&query=%22Poly+Medicure+Ltd.%22&startdatetime=20260915000000&enddatetime=20260916000000,failed,HTTP Error 429: Too Many Requests
2026-09-16T10:08:24.896809+00:00,data/raw/news/gdelt/POONAWALLA/2026-09-15.json,,GDELT 2.1 DOC API,https://api.gdeltproject.org/api/v2/doc/doc?format=json&mode=artlist&maxrecords=250&query=%22Poonawalla+Fincorp+Ltd.%22&startdatetime=20260915000000&enddatetime=20260916000000,failed,response is unexpectedly short
2026-09-16T10:08:56.700152+00:00,data/raw/news/gdelt/PFOCUS/2026-09-15.json,,GDELT 2.1 DOC API,https://api.gdeltproject.org/api/v2/doc/doc?format=json&mode=artlist&maxrecords=250&query=%22Prime+Focus+Ltd.%22&startdatetime=20260915000000&enddatetime=20260916000000,failed,response is unexpectedly short
2026-09-16T10:11:20.103735+00:00,data/raw/news/gdelt/RRKABEL/2026-09-15.json,,GDELT 2.1 DOC API,https://api.gdeltproject.org/api/v2/doc/doc?format=json&mode=artlist&maxrecords=250&query=%22R+R+Kabel+Ltd.%22&startdatetime=20260915000000&enddatetime=20260916000000,failed,response is unexpectedly short
2026-09-16T10:11:36.452379+00:00,data/raw/news/gdelt/RBLBANK/2026-09-15.json,,GDELT 2.1 DOC API,https://api.gdeltproject.org/api/v2/doc/doc?format=json&mode=artlist&maxrecords=250&query=%22RBL+Bank+Ltd.%22&startdatetime=20260915000000&enddatetime=20260916000000,failed,response is unexpectedly short
2026-09-16T10:13:13.752337+00:00,data/raw/news/gdelt/RHIM/2026-09-15.json,,GDELT 2.1 DOC API,https://api.gdeltproject.org/api/v2/doc/doc?format=json&mode=artlist&maxrecords=250&query=%22RHI+MAGNESITA+INDIA+LTD.%22&startdatetime=20260915000000&enddatetime=20260916000000,failed,response is unexpectedly short
2026-09-16T10:15:24.448185+00:00,data/raw/news/gdelt/RITES/2026-09-15.json,,GDELT 2.1 DOC API,https://api.gdeltproject.org/api/v2/doc/doc?format=json&mode=artlist&maxrecords=250&query=%22RITES+Ltd.%22&startdatetime=20260915000000&enddatetime=20260916000000,failed,HTTP Error 429: Too Many Requests
2026-09-16T10:17:42.205818+00:00,data/raw/news/gdelt/RAILTEL/2026-09-15.json,,GDELT 2.1 DOC API,https://api.gdeltproject.org/api/v2/doc/doc?format=json&mode=artlist&maxrecords=250&query=%22Railtel+Corporation+Of+India+Ltd.%22&startdatetime=20260915000000&enddatetime=20260916000000,failed,HTTP Error 429: Too Many Requests
2026-09-16T10:17:56.346294+00:00,data/raw/news/gdelt/RAINBOW/2026-09-15.json,,GDELT 2.1 DOC API,https://api.gdeltproject.org/api/v2/doc/doc?format=json&mode=artlist&maxrecords=250&query=%22Rainbow+Childrens+Medicare+Ltd.%22&startdatetime=20260915000000&enddatetime=20260916000000,failed,response is unexpectedly short
2026-09-16T10:18:35.089625+00:00,data/raw/news/gdelt/RKFORGE/2026-09-15.json,,GDELT 2.1 DOC API,https://api.gdeltproject.org/api/v2/doc/doc?format=json&mode=artlist&maxrecords=250&query=%22Ramkrishna+Forgings+Ltd.%22&startdatetime=20260915000000&enddatetime=20260916000000,failed,response is unexpectedly short
2026-09-16T10:19:08.143022+00:00,data/raw/news/gdelt/REDINGTON/2026-09-15.json,,GDELT 2.1 DOC API,https://api.gdeltproject.org/api/v2/doc/doc?format=json&mode=artlist&maxrecords=250&query=%22Redington+Ltd.%22&startdatetime=20260915000000&enddatetime=20260916000000,failed,response is unexpectedly short
2026-09-16T10:19:24.439590+00:00,data/raw/news/gdelt/RPOWER/2026-09-15.json,,GDELT 2.1 DOC API,https://api.gdeltproject.org/api/v2/doc/doc?format=json&mode=artlist&maxrecords=250&query=%22Reliance+Power+Ltd.%22&startdatetime=20260915000000&enddatetime=20260916000000,failed,response is unexpectedly short
2026-09-16T10:21:39.624645+00:00,data/raw/news/gdelt/SBFC/2026-09-15.json,,GDELT 2.1 DOC API,https://api.gdeltproject.org/api/v2/doc/doc?format=json&mode=artlist&maxrecords=250&query=%22SBFC+Finance+Ltd.%22&startdatetime=20260915000000&enddatetime=20260916000000,failed,HTTP Error 429: Too Many Requests
2026-09-16T14:58:57.870571+00:00,data/raw/universe/nifty_smallcap_250_2026-09-16.csv,76a2ea1942e23c6cf0bc7264c9a72fcc79fcadbd331397a3353c3d85c18143ce,Nifty Indices current constituent file,https://www.niftyindices.com/IndexConstituent/ind_niftysmallcap250list.csv,downloaded,
2026-09-16T16:58:17.407601+00:00,data/raw/universe/nifty_smallcap_250_2026-09-16.csv,76a2ea1942e23c6cf0bc7264c9a72fcc79fcadbd331397a3353c3d85c18143ce,Nifty Indices current constituent file,https://www.niftyindices.com/IndexConstituent/ind_niftysmallcap250list.csv,downloaded,
2026-09-16T16:58:18.295019+00:00,data/raw/nse_bhavcopy/PR16092026.zip,,NSE Bhavcopy PR archive,https://nsearchives.nseindia.com/content/cm/PR16092026.zip,failed,HTTP Error 404: Not Found
2026-09-16T16:58:18.876924+00:00,data/raw/nse_bhavcopy/PR160926.zip,,NSE Bhavcopy PR archive,https://nsearchives.nseindia.com/content/cm/PR160926.zip,failed,HTTP Error 404: Not Found
2026-09-17T04:52:11.804730+00:00,data/raw/universe/nifty_smallcap_250_2026-09-17.csv,76a2ea1942e23c6cf0bc7264c9a72fcc79fcadbd331397a3353c3d85c18143ce,Nifty Indices current constituent file,https://www.niftyindices.com/IndexConstituent/ind_niftysmallcap250list.csv,downloaded,
2026-09-17T04:54:19.008213+00:00,data/raw/news/gdelt/EIHOTEL/2026-09-16.json,,GDELT 2.1 DOC API,https://api.gdeltproject.org/api/v2/doc/doc?format=json&mode=artlist&maxrecords=250&query=%22EIH+Ltd.%22&startdatetime=20260916000000&enddatetime=20260917000000,failed,HTTP Error 429: Too Many Requests
2026-09-17T04:54:33.120982+00:00,data/raw/news/gdelt/ELECON/2026-09-16.json,,GDELT 2.1 DOC API,https://api.gdeltproject.org/api/v2/doc/doc?format=json&mode=artlist&maxrecords=250&query=%22Elecon+Engineering+Co.+Ltd.%22&startdatetime=20260916000000&enddatetime=20260917000000,failed,response is unexpectedly short
2026-09-17T04:56:15.462918+00:00,data/raw/news/gdelt/ELGIEQUIP/2026-09-16.json,,GDELT 2.1 DOC API,https://api.gdeltproject.org/api/v2/doc/doc?format=json&mode=artlist&maxrecords=250&query=%22Elgi+Equipments+Ltd.%22&startdatetime=20260916000000&enddatetime=20260917000000,failed,response is unexpectedly short
2026-09-17T04:58:21.619064+00:00,data/raw/news/gdelt/EMAMILTD/2026-09-16.json,,GDELT 2.1 DOC API,https://api.gdeltproject.org/api/v2/doc/doc?format=json&mode=artlist&maxrecords=250&query=%22Emami+Ltd.%22&startdatetime=20260916000000&enddatetime=20260917000000,failed,HTTP Error 429: Too Many Requests
2026-09-17T05:00:33.398364+00:00,data/raw/news/gdelt/EMCURE/2026-09-16.json,,GDELT 2.1 DOC API,https://api.gdeltproject.org/api/v2/doc/doc?format=json&mode=artlist&maxrecords=250&query=%22Emcure+Pharmaceuticals+Ltd.%22&startdatetime=20260916000000&enddatetime=20260917000000,failed,HTTP Error 429: Too Many Requests
2026-09-17T05:01:48.682971+00:00,data/raw/news/gdelt/EMMVEE/2026-09-16.json,,GDELT 2.1 DOC API,https://api.gdeltproject.org/api/v2/doc/doc?format=json&mode=artlist&maxrecords=250&query=%22Emmvee+Photovoltaic+Power+Ltd.%22&startdatetime=20260916000000&enddatetime=20260917000000,failed,response is unexpectedly short
2026-09-17T05:04:14.543662+00:00,data/raw/news/gdelt/ENGINERSIN/2026-09-16.json,,GDELT 2.1 DOC API,https://api.gdeltproject.org/api/v2/doc/doc?format=json&mode=artlist&maxrecords=250&query=%22Engineers+India+Ltd.%22&startdatetime=20260916000000&enddatetime=20260917000000,failed,response is unexpectedly short
2026-09-17T05:04:30.220361+00:00,data/raw/news/gdelt/ERIS/2026-09-16.json,,GDELT 2.1 DOC API,https://api.gdeltproject.org/api/v2/doc/doc?format=json&mode=artlist&maxrecords=250&query=%22Eris+Lifesciences+Ltd.%22&startdatetime=20260916000000&enddatetime=20260917000000,failed,response is unexpectedly short
2026-09-17T05:06:46.223026+00:00,data/raw/news/gdelt/FACT/2026-09-16.json,,GDELT 2.1 DOC API,https://api.gdeltproject.org/api/v2/doc/doc?format=json&mode=artlist&maxrecords=250&query=%22Fertilisers+and+Chemicals+Travancore+Ltd.%22&startdatetime=20260916000000&enddatetime=20260917000000,failed,HTTP Error 429: Too Many Requests
2026-09-17T05:09:02.017328+00:00,data/raw/news/gdelt/FINCABLES/2026-09-16.json,,GDELT 2.1 DOC API,https://api.gdeltproject.org/api/v2/doc/doc?format=json&mode=artlist&maxrecords=250&query=%22Finolex+Cables+Ltd.%22&startdatetime=20260916000000&enddatetime=20260917000000,failed,HTTP Error 429: Too Many Requests
2026-09-17T05:11:15.088193+00:00,data/raw/news/gdelt/FSL/2026-09-16.json,,GDELT 2.1 DOC API,https://api.gdeltproject.org/api/v2/doc/doc?format=json&mode=artlist&maxrecords=250&query=%22Firstsource+Solutions+Ltd.%22&startdatetime=20260916000000&enddatetime=20260917000000,failed,HTTP Error 429: Too Many Requests
2026-09-17T05:11:49.207292+00:00,data/raw/news/gdelt/FIVESTAR/2026-09-16.json,,GDELT 2.1 DOC API,https://api.gdeltproject.org/api/v2/doc/doc?format=json&mode=artlist&maxrecords=250&query=%22Five-Star+Business+Finance+Ltd.%22&startdatetime=20260916000000&enddatetime=20260917000000,failed,response is unexpectedly short
2026-09-17T05:14:04.405387+00:00,data/raw/news/gdelt/FORCEMOT/2026-09-16.json,,GDELT 2.1 DOC API,https://api.gdeltproject.org/api/v2/doc/doc?format=json&mode=artlist&maxrecords=250&query=%22Force+Motors+Ltd.%22&startdatetime=20260916000000&enddatetime=20260917000000,failed,HTTP Error 429: Too Many Requests
2026-09-17T05:16:21.778010+00:00,data/raw/news/gdelt/GABRIEL/2026-09-16.json,,GDELT 2.1 DOC API,https://api.gdeltproject.org/api/v2/doc/doc?format=json&mode=artlist&maxrecords=250&query=%22Gabriel+India+Ltd.%22&startdatetime=20260916000000&enddatetime=20260917000000,failed,HTTP Error 429: Too Many Requests
2026-09-17T05:18:34.012660+00:00,data/raw/news/gdelt/GALLANTT/2026-09-16.json,,GDELT 2.1 DOC API,https://api.gdeltproject.org/api/v2/doc/doc?format=json&mode=artlist&maxrecords=250&query=%22Gallantt+Ispat+Ltd.%22&startdatetime=20260916000000&enddatetime=20260917000000,failed,HTTP Error 429: Too Many Requests
2026-09-17T05:19:14.207686+00:00,data/raw/news/gdelt/GRSE/2026-09-16.json,,GDELT 2.1 DOC API,https://api.gdeltproject.org/api/v2/doc/doc?format=json&mode=artlist&maxrecords=250&query=%22Garden+Reach+Shipbuilders+%26+Engineers+Ltd.%22&startdatetime=20260916000000&enddatetime=20260917000000,failed,response is unexpectedly short
2026-09-17T05:21:26.644637+00:00,data/raw/news/gdelt/GILLETTE/2026-09-16.json,,GDELT 2.1 DOC API,https://api.gdeltproject.org/api/v2/doc/doc?format=json&mode=artlist&maxrecords=250&query=%22Gillette+India+Ltd.%22&startdatetime=20260916000000&enddatetime=20260917000000,failed,HTTP Error 429: Too Many Requests
2026-09-17T05:22:09.537233+00:00,data/raw/news/gdelt/GLAND/2026-09-16.json,,GDELT 2.1 DOC API,https://api.gdeltproject.org/api/v2/doc/doc?format=json&mode=artlist&maxrecords=250&query=%22Gland+Pharma+Ltd.%22&startdatetime=20260916000000&enddatetime=20260917000000,failed,response is unexpectedly short
2026-09-17T05:23:36.956867+00:00,data/raw/news/gdelt/GODIGIT/2026-09-16.json,,GDELT 2.1 DOC API,https://api.gdeltproject.org/api/v2/doc/doc?format=json&mode=artlist&maxrecords=250&query=%22Go+Digit+General+Insurance+Ltd.%22&startdatetime=20260916000000&enddatetime=20260917000000,failed,response is unexpectedly short
2026-09-17T05:23:58.985431+00:00,data/raw/news/gdelt/GPIL/2026-09-16.json,,GDELT 2.1 DOC API,https://api.gdeltproject.org/api/v2/doc/doc?format=json&mode=artlist&maxrecords=250&query=%22Godawari+Power+%26+Ispat+Ltd.%22&startdatetime=20260916000000&enddatetime=20260917000000,failed,response is unexpectedly short
2026-09-17T09:59:11.685175+00:00,data/raw/universe/nifty_smallcap_250_2026-09-17.csv,76a2ea1942e23c6cf0bc7264c9a72fcc79fcadbd331397a3353c3d85c18143ce,Nifty Indices current constituent file,https://www.niftyindices.com/IndexConstituent/ind_niftysmallcap250list.csv,downloaded,
2026-09-17T10:00:04.872490+00:00,data/raw/news/gdelt/PVRINOX/2026-09-16.json,,GDELT 2.1 DOC API,https://api.gdeltproject.org/api/v2/doc/doc?format=json&mode=artlist&maxrecords=250&query=%22PVR+INOX+Ltd.%22&startdatetime=20260916000000&enddatetime=20260917000000,failed,response is unexpectedly short
2026-09-17T10:03:14.150007+00:00,data/raw/news/gdelt/PARADEEP/2026-09-16.json,,GDELT 2.1 DOC API,https://api.gdeltproject.org/api/v2/doc/doc?format=json&mode=artlist&maxrecords=250&query=%22Paradeep+Phosphates+Ltd.%22&startdatetime=20260916000000&enddatetime=20260917000000,failed,HTTP Error 429: Too Many Requests
2026-09-17T10:03:31.874163+00:00,data/raw/news/gdelt/PFIZER/2026-09-16.json,,GDELT 2.1 DOC API,https://api.gdeltproject.org/api/v2/doc/doc?format=json&mode=artlist&maxrecords=250&query=%22Pfizer+Ltd.%22&startdatetime=20260916000000&enddatetime=20260917000000,failed,response is unexpectedly short
2026-09-17T10:03:47.553700+00:00,data/raw/news/gdelt/PWL/2026-09-16.json,,GDELT 2.1 DOC API,https://api.gdeltproject.org/api/v2/doc/doc?format=json&mode=artlist&maxrecords=250&query=%22Physicswallah+Ltd.%22&startdatetime=20260916000000&enddatetime=20260917000000,failed,response is unexpectedly short
2026-09-17T10:04:41.352595+00:00,data/raw/news/gdelt/PINELABS/2026-09-16.json,,GDELT 2.1 DOC API,https://api.gdeltproject.org/api/v2/doc/doc?format=json&mode=artlist&maxrecords=250&query=%22Pine+Labs+Ltd.%22&startdatetime=20260916000000&enddatetime=20260917000000,failed,response is unexpectedly short
2026-09-17T10:06:57.320918+00:00,data/raw/news/gdelt/PIRAMALFIN/2026-09-16.json,,GDELT 2.1 DOC API,https://api.gdeltproject.org/api/v2/doc/doc?format=json&mode=artlist&maxrecords=250&query=%22Piramal+Finance+Ltd.%22&startdatetime=20260916000000&enddatetime=20260917000000,failed,HTTP Error 429: Too Many Requests
2026-09-17T10:08:22.396098+00:00,data/raw/news/gdelt/PPLPHARMA/2026-09-16.json,,GDELT 2.1 DOC API,https://api.gdeltproject.org/api/v2/doc/doc?format=json&mode=artlist&maxrecords=250&query=%22Piramal+Pharma+Ltd.%22&startdatetime=20260916000000&enddatetime=20260917000000,failed,response is unexpectedly short
2026-09-17T10:08:39.612094+00:00,data/raw/news/gdelt/POLYMED/2026-09-16.json,,GDELT 2.1 DOC API,https://api.gdeltproject.org/api/v2/doc/doc?format=json&mode=artlist&maxrecords=250&query=%22Poly+Medicure+Ltd.%22&startdatetime=20260916000000&enddatetime=20260917000000,failed,response is unexpectedly short
2026-09-17T10:10:51.332929+00:00,data/raw/news/gdelt/POONAWALLA/2026-09-16.json,,GDELT 2.1 DOC API,https://api.gdeltproject.org/api/v2/doc/doc?format=json&mode=artlist&maxrecords=250&query=%22Poonawalla+Fincorp+Ltd.%22&startdatetime=20260916000000&enddatetime=20260917000000,failed,HTTP Error 429: Too Many Requests
2026-09-17T10:11:45.569067+00:00,data/raw/news/gdelt/PFOCUS/2026-09-16.json,,GDELT 2.1 DOC API,https://api.gdeltproject.org/api/v2/doc/doc?format=json&mode=artlist&maxrecords=250&query=%22Prime+Focus+Ltd.%22&startdatetime=20260916000000&enddatetime=20260917000000,failed,response is unexpectedly short
2026-09-17T10:13:53.229643+00:00,data/raw/news/gdelt/RRKABEL/2026-09-16.json,,GDELT 2.1 DOC API,https://api.gdeltproject.org/api/v2/doc/doc?format=json&mode=artlist&maxrecords=250&query=%22R+R+Kabel+Ltd.%22&startdatetime=20260916000000&enddatetime=20260917000000,failed,HTTP Error 429: Too Many Requests
2026-09-17T10:16:02.629099+00:00,data/raw/news/gdelt/RBLBANK/2026-09-16.json,,GDELT 2.1 DOC API,https://api.gdeltproject.org/api/v2/doc/doc?format=json&mode=artlist&maxrecords=250&query=%22RBL+Bank+Ltd.%22&startdatetime=20260916000000&enddatetime=20260917000000,failed,response is unexpectedly short
2026-09-17T10:18:16.368694+00:00,data/raw/news/gdelt/RHIM/2026-09-16.json,,GDELT 2.1 DOC API,https://api.gdeltproject.org/api/v2/doc/doc?format=json&mode=artlist&maxrecords=250&query=%22RHI+MAGNESITA+INDIA+LTD.%22&startdatetime=20260916000000&enddatetime=20260917000000,failed,HTTP Error 429: Too Many Requests
2026-09-17T10:18:33.582368+00:00,data/raw/news/gdelt/RITES/2026-09-16.json,,GDELT 2.1 DOC API,https://api.gdeltproject.org/api/v2/doc/doc?format=json&mode=artlist&maxrecords=250&query=%22RITES+Ltd.%22&startdatetime=20260916000000&enddatetime=20260917000000,failed,response is unexpectedly short
2026-09-17T10:19:30.200129+00:00,data/raw/news/gdelt/RAILTEL/2026-09-16.json,,GDELT 2.1 DOC API,https://api.gdeltproject.org/api/v2/doc/doc?format=json&mode=artlist&maxrecords=250&query=%22Railtel+Corporation+Of+India+Ltd.%22&startdatetime=20260916000000&enddatetime=20260917000000,failed,response is unexpectedly short
2026-09-17T10:21:44.419597+00:00,data/raw/news/gdelt/RAINBOW/2026-09-16.json,,GDELT 2.1 DOC API,https://api.gdeltproject.org/api/v2/doc/doc?format=json&mode=artlist&maxrecords=250&query=%22Rainbow+Childrens+Medicare+Ltd.%22&startdatetime=20260916000000&enddatetime=20260917000000,failed,HTTP Error 429: Too Many Requests
2026-09-17T10:22:40.654267+00:00,data/raw/news/gdelt/RKFORGE/2026-09-16.json,,GDELT 2.1 DOC API,https://api.gdeltproject.org/api/v2/doc/doc?format=json&mode=artlist&maxrecords=250&query=%22Ramkrishna+Forgings+Ltd.%22&startdatetime=20260916000000&enddatetime=20260917000000,failed,response is unexpectedly short
2026-09-17T10:24:48.332198+00:00,data/raw/news/gdelt/REDINGTON/2026-09-16.json,,GDELT 2.1 DOC API,https://api.gdeltproject.org/api/v2/doc/doc?format=json&mode=artlist&maxrecords=250&query=%22Redington+Ltd.%22&startdatetime=20260916000000&enddatetime=20260917000000,failed,HTTP Error 429: Too Many Requests
2026-09-17T10:27:01.015927+00:00,data/raw/news/gdelt/RPOWER/2026-09-16.json,,GDELT 2.1 DOC API,https://api.gdeltproject.org/api/v2/doc/doc?format=json&mode=artlist&maxrecords=250&query=%22Reliance+Power+Ltd.%22&startdatetime=20260916000000&enddatetime=20260917000000,failed,HTTP Error 429: Too Many Requests
2026-09-17T10:27:34.034437+00:00,data/raw/news/gdelt/SBFC/2026-09-16.json,,GDELT 2.1 DOC API,https://api.gdeltproject.org/api/v2/doc/doc?format=json&mode=artlist&maxrecords=250&query=%22SBFC+Finance+Ltd.%22&startdatetime=20260916000000&enddatetime=20260917000000,failed,response is unexpectedly short
2026-09-17T14:59:43.497227+00:00,data/raw/universe/nifty_smallcap_250_2026-09-17.csv,76a2ea1942e23c6cf0bc7264c9a72fcc79fcadbd331397a3353c3d85c18143ce,Nifty Indices current constituent file,https://www.niftyindices.com/IndexConstituent/ind_niftysmallcap250list.csv,downloaded,
2026-09-17T17:00:53.400261+00:00,data/raw/universe/nifty_smallcap_250_2026-09-17.csv,76a2ea1942e23c6cf0bc7264c9a72fcc79fcadbd331397a3353c3d85c18143ce,Nifty Indices current constituent file,https://www.niftyindices.com/IndexConstituent/ind_niftysmallcap250list.csv,downloaded,
2026-09-17T17:00:53.894673+00:00,data/raw/nse_bhavcopy/PR17092026.zip,,NSE Bhavcopy PR archive,https://nsearchives.nseindia.com/content/cm/PR17092026.zip,failed,HTTP Error 404: Not Found
2026-09-17T17:00:54.266517+00:00,data/raw/nse_bhavcopy/PR170926.zip,,NSE Bhavcopy PR archive,https://nsearchives.nseindia.com/content/cm/PR170926.zip,failed,HTTP Error 404: Not Found
2026-09-18T04:43:14.179596+00:00,data/raw/universe/nifty_smallcap_250_2026-09-18.csv,76a2ea1942e23c6cf0bc7264c9a72fcc79fcadbd331397a3353c3d85c18143ce,Nifty Indices current constituent file,https://www.niftyindices.com/IndexConstituent/ind_niftysmallcap250list.csv,downloaded,
2026-09-18T04:43:43.465320+00:00,data/raw/news/gdelt/EIHOTEL/2026-09-17.json,,GDELT 2.1 DOC API,https://api.gdeltproject.org/api/v2/doc/doc?format=json&mode=artlist&maxrecords=250&query=%22EIH+Ltd.%22&startdatetime=20260917000000&enddatetime=20260918000000,failed,response is unexpectedly short
2026-09-18T04:45:52.412071+00:00,data/raw/news/gdelt/ELECON/2026-09-17.json,,GDELT 2.1 DOC API,https://api.gdeltproject.org/api/v2/doc/doc?format=json&mode=artlist&maxrecords=250&query=%22Elecon+Engineering+Co.+Ltd.%22&startdatetime=20260917000000&enddatetime=20260918000000,failed,HTTP Error 429: Too Many Requests
2026-09-18T04:46:29.036351+00:00,data/raw/news/gdelt/ELGIEQUIP/2026-09-17.json,,GDELT 2.1 DOC API,https://api.gdeltproject.org/api/v2/doc/doc?format=json&mode=artlist&maxrecords=250&query=%22Elgi+Equipments+Ltd.%22&startdatetime=20260917000000&enddatetime=20260918000000,failed,response is unexpectedly short
2026-09-18T04:48:41.371578+00:00,data/raw/news/gdelt/EMAMILTD/2026-09-17.json,,GDELT 2.1 DOC API,https://api.gdeltproject.org/api/v2/doc/doc?format=json&mode=artlist&maxrecords=250&query=%22Emami+Ltd.%22&startdatetime=20260917000000&enddatetime=20260918000000,failed,HTTP Error 429: Too Many Requests
2026-09-18T04:50:07.828904+00:00,data/raw/news/gdelt/EMCURE/2026-09-17.json,,GDELT 2.1 DOC API,https://api.gdeltproject.org/api/v2/doc/doc?format=json&mode=artlist&maxrecords=250&query=%22Emcure+Pharmaceuticals+Ltd.%22&startdatetime=20260917000000&enddatetime=20260918000000,failed,response is unexpectedly short
2026-09-18T04:52:27.650594+00:00,data/raw/news/gdelt/EMMVEE/2026-09-17.json,,GDELT 2.1 DOC API,https://api.gdeltproject.org/api/v2/doc/doc?format=json&mode=artlist&maxrecords=250&query=%22Emmvee+Photovoltaic+Power+Ltd.%22&startdatetime=20260917000000&enddatetime=20260918000000,failed,response is unexpectedly short
2026-09-18T04:54:37.699839+00:00,data/raw/news/gdelt/ENGINERSIN/2026-09-17.json,,GDELT 2.1 DOC API,https://api.gdeltproject.org/api/v2/doc/doc?format=json&mode=artlist&maxrecords=250&query=%22Engineers+India+Ltd.%22&startdatetime=20260917000000&enddatetime=20260918000000,failed,HTTP Error 429: Too Many Requests
2026-09-18T04:56:57.738818+00:00,data/raw/news/gdelt/ERIS/2026-09-17.json,,GDELT 2.1 DOC API,https://api.gdeltproject.org/api/v2/doc/doc?format=json&mode=artlist&maxrecords=250&query=%22Eris+Lifesciences+Ltd.%22&startdatetime=20260917000000&enddatetime=20260918000000,failed,HTTP Error 429: Too Many Requests
2026-09-18T04:59:17.069844+00:00,data/raw/news/gdelt/FACT/2026-09-17.json,,GDELT 2.1 DOC API,https://api.gdeltproject.org/api/v2/doc/doc?format=json&mode=artlist&maxrecords=250&query=%22Fertilisers+and+Chemicals+Travancore+Ltd.%22&startdatetime=20260917000000&enddatetime=20260918000000,failed,HTTP Error 429: Too Many Requests
2026-09-18T04:59:48.704260+00:00,data/raw/news/gdelt/FINCABLES/2026-09-17.json,,GDELT 2.1 DOC API,https://api.gdeltproject.org/api/v2/doc/doc?format=json&mode=artlist&maxrecords=250&query=%22Finolex+Cables+Ltd.%22&startdatetime=20260917000000&enddatetime=20260918000000,failed,response is unexpectedly short
2026-09-18T05:02:20.215411+00:00,data/raw/news/gdelt/FSL/2026-09-17.json,,GDELT 2.1 DOC API,https://api.gdeltproject.org/api/v2/doc/doc?format=json&mode=artlist&maxrecords=250&query=%22Firstsource+Solutions+Ltd.%22&startdatetime=20260917000000&enddatetime=20260918000000,failed,HTTP Error 429: Too Many Requests
2026-09-18T05:03:18.173948+00:00,data/raw/news/gdelt/FIVESTAR/2026-09-17.json,,GDELT 2.1 DOC API,https://api.gdeltproject.org/api/v2/doc/doc?format=json&mode=artlist&maxrecords=250&query=%22Five-Star+Business+Finance+Ltd.%22&startdatetime=20260917000000&enddatetime=20260918000000,failed,response is unexpectedly short
2026-09-18T05:05:32.321887+00:00,data/raw/news/gdelt/FORCEMOT/2026-09-17.json,,GDELT 2.1 DOC API,https://api.gdeltproject.org/api/v2/doc/doc?format=json&mode=artlist&maxrecords=250&query=%22Force+Motors+Ltd.%22&startdatetime=20260917000000&enddatetime=20260918000000,failed,HTTP Error 429: Too Many Requests
2026-09-18T05:06:25.667223+00:00,data/raw/news/gdelt/GABRIEL/2026-09-17.json,,GDELT 2.1 DOC API,https://api.gdeltproject.org/api/v2/doc/doc?format=json&mode=artlist&maxrecords=250&query=%22Gabriel+India+Ltd.%22&startdatetime=20260917000000&enddatetime=20260918000000,failed,response is unexpectedly short
2026-09-18T05:08:36.193100+00:00,data/raw/news/gdelt/GALLANTT/2026-09-17.json,,GDELT 2.1 DOC API,https://api.gdeltproject.org/api/v2/doc/doc?format=json&mode=artlist&maxrecords=250&query=%22Gallantt+Ispat+Ltd.%22&startdatetime=20260917000000&enddatetime=20260918000000,failed,HTTP Error 429: Too Many Requests
2026-09-18T05:08:55.298072+00:00,data/raw/news/gdelt/GRSE/2026-09-17.json,,GDELT 2.1 DOC API,https://api.gdeltproject.org/api/v2/doc/doc?format=json&mode=artlist&maxrecords=250&query=%22Garden+Reach+Shipbuilders+%26+Engineers+Ltd.%22&startdatetime=20260917000000&enddatetime=20260918000000,failed,response is unexpectedly short
2026-09-18T05:09:28.602242+00:00,data/raw/news/gdelt/GILLETTE/2026-09-17.json,,GDELT 2.1 DOC API,https://api.gdeltproject.org/api/v2/doc/doc?format=json&mode=artlist&maxrecords=250&query=%22Gillette+India+Ltd.%22&startdatetime=20260917000000&enddatetime=20260918000000,failed,response is unexpectedly short
2026-09-18T05:11:42.799612+00:00,data/raw/news/gdelt/GLAND/2026-09-17.json,,GDELT 2.1 DOC API,https://api.gdeltproject.org/api/v2/doc/doc?format=json&mode=artlist&maxrecords=250&query=%22Gland+Pharma+Ltd.%22&startdatetime=20260917000000&enddatetime=20260918000000,failed,HTTP Error 429: Too Many Requests
2026-09-18T05:13:05.553933+00:00,data/raw/news/gdelt/GODIGIT/2026-09-17.json,,GDELT 2.1 DOC API,https://api.gdeltproject.org/api/v2/doc/doc?format=json&mode=artlist&maxrecords=250&query=%22Go+Digit+General+Insurance+Ltd.%22&startdatetime=20260917000000&enddatetime=20260918000000,failed,response is unexpectedly short
2026-09-18T05:14:28.890462+00:00,data/raw/news/gdelt/GPIL/2026-09-17.json,,GDELT 2.1 DOC API,https://api.gdeltproject.org/api/v2/doc/doc?format=json&mode=artlist&maxrecords=250&query=%22Godawari+Power+%26+Ispat+Ltd.%22&startdatetime=20260917000000&enddatetime=20260918000000,failed,response is unexpectedly short
2026-09-18T09:45:55.326387+00:00,data/raw/universe/nifty_smallcap_250_2026-09-18.csv,76a2ea1942e23c6cf0bc7264c9a72fcc79fcadbd331397a3353c3d85c18143ce,Nifty Indices current constituent file,https://www.niftyindices.com/IndexConstituent/ind_niftysmallcap250list.csv,downloaded,
2026-09-18T09:46:12.198318+00:00,data/raw/news/gdelt/PVRINOX/2026-09-17.json,,GDELT 2.1 DOC API,https://api.gdeltproject.org/api/v2/doc/doc?format=json&mode=artlist&maxrecords=250&query=%22PVR+INOX+Ltd.%22&startdatetime=20260917000000&enddatetime=20260918000000,failed,response is unexpectedly short
2026-09-18T09:46:41.437457+00:00,data/raw/news/gdelt/PARADEEP/2026-09-17.json,,GDELT 2.1 DOC API,https://api.gdeltproject.org/api/v2/doc/doc?format=json&mode=artlist&maxrecords=250&query=%22Paradeep+Phosphates+Ltd.%22&startdatetime=20260917000000&enddatetime=20260918000000,failed,response is unexpectedly short
2026-09-18T09:48:48.349220+00:00,data/raw/news/gdelt/PFIZER/2026-09-17.json,,GDELT 2.1 DOC API,https://api.gdeltproject.org/api/v2/doc/doc?format=json&mode=artlist&maxrecords=250&query=%22Pfizer+Ltd.%22&startdatetime=20260917000000&enddatetime=20260918000000,failed,HTTP Error 429: Too Many Requests
2026-09-18T09:49:19.160334+00:00,data/raw/news/gdelt/PWL/2026-09-17.json,,GDELT 2.1 DOC API,https://api.gdeltproject.org/api/v2/doc/doc?format=json&mode=artlist&maxrecords=250&query=%22Physicswallah+Ltd.%22&startdatetime=20260917000000&enddatetime=20260918000000,failed,response is unexpectedly short
2026-09-18T09:50:09.271155+00:00,data/raw/news/gdelt/PINELABS/2026-09-17.json,,GDELT 2.1 DOC API,https://api.gdeltproject.org/api/v2/doc/doc?format=json&mode=artlist&maxrecords=250&query=%22Pine+Labs+Ltd.%22&startdatetime=20260917000000&enddatetime=20260918000000,failed,response is unexpectedly short
2026-09-18T09:50:26.441335+00:00,data/raw/news/gdelt/PIRAMALFIN/2026-09-17.json,,GDELT 2.1 DOC API,https://api.gdeltproject.org/api/v2/doc/doc?format=json&mode=artlist&maxrecords=250&query=%22Piramal+Finance+Ltd.%22&startdatetime=20260917000000&enddatetime=20260918000000,failed,response is unexpectedly short
2026-09-18T09:52:38.730850+00:00,data/raw/news/gdelt/PPLPHARMA/2026-09-17.json,,GDELT 2.1 DOC API,https://api.gdeltproject.org/api/v2/doc/doc?format=json&mode=artlist&maxrecords=250&query=%22Piramal+Pharma+Ltd.%22&startdatetime=20260917000000&enddatetime=20260918000000,failed,HTTP Error 429: Too Many Requests
2026-09-18T09:54:42.676344+00:00,data/raw/news/gdelt/POLYMED/2026-09-17.json,,GDELT 2.1 DOC API,https://api.gdeltproject.org/api/v2/doc/doc?format=json&mode=artlist&maxrecords=250&query=%22Poly+Medicure+Ltd.%22&startdatetime=20260917000000&enddatetime=20260918000000,failed,HTTP Error 429: Too Many Requests
2026-09-18T09:54:57.468969+00:00,data/raw/news/gdelt/POONAWALLA/2026-09-17.json,,GDELT 2.1 DOC API,https://api.gdeltproject.org/api/v2/doc/doc?format=json&mode=artlist&maxrecords=250&query=%22Poonawalla+Fincorp+Ltd.%22&startdatetime=20260917000000&enddatetime=20260918000000,failed,response is unexpectedly short
2026-09-18T09:56:15.891325+00:00,data/raw/news/gdelt/PFOCUS/2026-09-17.json,,GDELT 2.1 DOC API,https://api.gdeltproject.org/api/v2/doc/doc?format=json&mode=artlist&maxrecords=250&query=%22Prime+Focus+Ltd.%22&startdatetime=20260917000000&enddatetime=20260918000000,failed,response is unexpectedly short
2026-09-18T09:58:23.801095+00:00,data/raw/news/gdelt/RRKABEL/2026-09-17.json,,GDELT 2.1 DOC API,https://api.gdeltproject.org/api/v2/doc/doc?format=json&mode=artlist&maxrecords=250&query=%22R+R+Kabel+Ltd.%22&startdatetime=20260917000000&enddatetime=20260918000000,failed,response is unexpectedly short
2026-09-18T10:00:29.797860+00:00,data/raw/news/gdelt/RBLBANK/2026-09-17.json,,GDELT 2.1 DOC API,https://api.gdeltproject.org/api/v2/doc/doc?format=json&mode=artlist&maxrecords=250&query=%22RBL+Bank+Ltd.%22&startdatetime=20260917000000&enddatetime=20260918000000,failed,HTTP Error 429: Too Many Requests
2026-09-18T10:01:09.817265+00:00,data/raw/news/gdelt/RHIM/2026-09-17.json,,GDELT 2.1 DOC API,https://api.gdeltproject.org/api/v2/doc/doc?format=json&mode=artlist&maxrecords=250&query=%22RHI+MAGNESITA+INDIA+LTD.%22&startdatetime=20260917000000&enddatetime=20260918000000,failed,response is unexpectedly short
2026-09-18T10:03:27.986398+00:00,data/raw/news/gdelt/RITES/2026-09-17.json,,GDELT 2.1 DOC API,https://api.gdeltproject.org/api/v2/doc/doc?format=json&mode=artlist&maxrecords=250&query=%22RITES+Ltd.%22&startdatetime=20260917000000&enddatetime=20260918000000,failed,HTTP Error 429: Too Many Requests
2026-09-18T10:05:42.435794+00:00,data/raw/news/gdelt/RAILTEL/2026-09-17.json,,GDELT 2.1 DOC API,https://api.gdeltproject.org/api/v2/doc/doc?format=json&mode=artlist&maxrecords=250&query=%22Railtel+Corporation+Of+India+Ltd.%22&startdatetime=20260917000000&enddatetime=20260918000000,failed,HTTP Error 429: Too Many Requests
2026-09-18T10:06:14.786529+00:00,data/raw/news/gdelt/RAINBOW/2026-09-17.json,,GDELT 2.1 DOC API,https://api.gdeltproject.org/api/v2/doc/doc?format=json&mode=artlist&maxrecords=250&query=%22Rainbow+Childrens+Medicare+Ltd.%22&startdatetime=20260917000000&enddatetime=20260918000000,failed,response is unexpectedly short
2026-09-18T10:07:05.051110+00:00,data/raw/news/gdelt/RKFORGE/2026-09-17.json,,GDELT 2.1 DOC API,https://api.gdeltproject.org/api/v2/doc/doc?format=json&mode=artlist&maxrecords=250&query=%22Ramkrishna+Forgings+Ltd.%22&startdatetime=20260917000000&enddatetime=20260918000000,failed,response is unexpectedly short
2026-09-18T10:07:20.204712+00:00,data/raw/news/gdelt/REDINGTON/2026-09-17.json,,GDELT 2.1 DOC API,https://api.gdeltproject.org/api/v2/doc/doc?format=json&mode=artlist&maxrecords=250&query=%22Redington+Ltd.%22&startdatetime=20260917000000&enddatetime=20260918000000,failed,response is unexpectedly short
2026-09-18T10:08:12.718156+00:00,data/raw/news/gdelt/RPOWER/2026-09-17.json,,GDELT 2.1 DOC API,https://api.gdeltproject.org/api/v2/doc/doc?format=json&mode=artlist&maxrecords=250&query=%22Reliance+Power+Ltd.%22&startdatetime=20260917000000&enddatetime=20260918000000,failed,response is unexpectedly short
2026-09-18T10:10:24.635225+00:00,data/raw/news/gdelt/SBFC/2026-09-17.json,,GDELT 2.1 DOC API,https://api.gdeltproject.org/api/v2/doc/doc?format=json&mode=artlist&maxrecords=250&query=%22SBFC+Finance+Ltd.%22&startdatetime=20260917000000&enddatetime=20260918000000,failed,HTTP Error 429: Too Many Requests
2026-09-18T14:31:10.265700+00:00,data/raw/universe/nifty_smallcap_250_2026-09-18.csv,76a2ea1942e23c6cf0bc7264c9a72fcc79fcadbd331397a3353c3d85c18143ce,Nifty Indices current constituent file,https://www.niftyindices.com/IndexConstituent/ind_niftysmallcap250list.csv,downloaded,
2026-09-18T16:25:24.618893+00:00,data/raw/universe/nifty_smallcap_250_2026-09-18.csv,76a2ea1942e23c6cf0bc7264c9a72fcc79fcadbd331397a3353c3d85c18143ce,Nifty Indices current constituent file,https://www.niftyindices.com/IndexConstituent/ind_niftysmallcap250list.csv,downloaded,
2026-09-18T16:25:25.722435+00:00,data/raw/nse_bhavcopy/PR18092026.zip,,NSE Bhavcopy PR archive,https://nsearchives.nseindia.com/content/cm/PR18092026.zip,failed,HTTP Error 404: Not Found
2026-09-18T16:25:26.082155+00:00,data/raw/nse_bhavcopy/PR180926.zip,,NSE Bhavcopy PR archive,https://nsearchives.nseindia.com/content/cm/PR180926.zip,failed,HTTP Error 404: Not Found
2026-09-21T04:55:10.679651+00:00,data/raw/universe/nifty_smallcap_250_2026-09-21.csv,76a2ea1942e23c6cf0bc7264c9a72fcc79fcadbd331397a3353c3d85c18143ce,Nifty Indices current constituent file,https://www.niftyindices.com/IndexConstituent/ind_niftysmallcap250list.csv,downloaded,
2026-09-21T04:57:21.212482+00:00,data/raw/news/gdelt/EIHOTEL/2026-09-20.json,,GDELT 2.1 DOC API,https://api.gdeltproject.org/api/v2/doc/doc?format=json&mode=artlist&maxrecords=250&query=%22EIH+Ltd.%22&startdatetime=20260920000000&enddatetime=20260921000000,failed,HTTP Error 429: Too Many Requests
2026-09-21T04:57:34.551170+00:00,data/raw/news/gdelt/ELECON/2026-09-20.json,,GDELT 2.1 DOC API,https://api.gdeltproject.org/api/v2/doc/doc?format=json&mode=artlist&maxrecords=250&query=%22Elecon+Engineering+Co.+Ltd.%22&startdatetime=20260920000000&enddatetime=20260921000000,failed,response is unexpectedly short
2026-09-21T04:58:03.332188+00:00,data/raw/news/gdelt/ELGIEQUIP/2026-09-20.json,,GDELT 2.1 DOC API,https://api.gdeltproject.org/api/v2/doc/doc?format=json&mode=artlist&maxrecords=250&query=%22Elgi+Equipments+Ltd.%22&startdatetime=20260920000000&enddatetime=20260921000000,failed,response is unexpectedly short
2026-09-21T04:58:52.974556+00:00,data/raw/news/gdelt/EMAMILTD/2026-09-20.json,,GDELT 2.1 DOC API,https://api.gdeltproject.org/api/v2/doc/doc?format=json&mode=artlist&maxrecords=250&query=%22Emami+Ltd.%22&startdatetime=20260920000000&enddatetime=20260921000000,failed,response is unexpectedly short
2026-09-21T04:59:25.022125+00:00,data/raw/news/gdelt/EMCURE/2026-09-20.json,,GDELT 2.1 DOC API,https://api.gdeltproject.org/api/v2/doc/doc?format=json&mode=artlist&maxrecords=250&query=%22Emcure+Pharmaceuticals+Ltd.%22&startdatetime=20260920000000&enddatetime=20260921000000,failed,response is unexpectedly short
2026-09-21T04:59:43.813419+00:00,data/raw/news/gdelt/EMMVEE/2026-09-20.json,,GDELT 2.1 DOC API,https://api.gdeltproject.org/api/v2/doc/doc?format=json&mode=artlist&maxrecords=250&query=%22Emmvee+Photovoltaic+Power+Ltd.%22&startdatetime=20260920000000&enddatetime=20260921000000,failed,response is unexpectedly short
2026-09-21T05:00:16.858364+00:00,data/raw/news/gdelt/ENGINERSIN/2026-09-20.json,,GDELT 2.1 DOC API,https://api.gdeltproject.org/api/v2/doc/doc?format=json&mode=artlist&maxrecords=250&query=%22Engineers+India+Ltd.%22&startdatetime=20260920000000&enddatetime=20260921000000,failed,response is unexpectedly short
2026-09-21T05:03:03.048667+00:00,data/raw/news/gdelt/ERIS/2026-09-20.json,,GDELT 2.1 DOC API,https://api.gdeltproject.org/api/v2/doc/doc?format=json&mode=artlist&maxrecords=250&query=%22Eris+Lifesciences+Ltd.%22&startdatetime=20260920000000&enddatetime=20260921000000,failed,HTTP Error 429: Too Many Requests
2026-09-21T05:03:41.524627+00:00,data/raw/news/gdelt/FACT/2026-09-20.json,,GDELT 2.1 DOC API,https://api.gdeltproject.org/api/v2/doc/doc?format=json&mode=artlist&maxrecords=250&query=%22Fertilisers+and+Chemicals+Travancore+Ltd.%22&startdatetime=20260920000000&enddatetime=20260921000000,failed,response is unexpectedly short
2026-09-21T05:05:57.888429+00:00,data/raw/news/gdelt/FINCABLES/2026-09-20.json,,GDELT 2.1 DOC API,https://api.gdeltproject.org/api/v2/doc/doc?format=json&mode=artlist&maxrecords=250&query=%22Finolex+Cables+Ltd.%22&startdatetime=20260920000000&enddatetime=20260921000000,failed,HTTP Error 429: Too Many Requests
2026-09-21T05:06:59.906289+00:00,data/raw/news/gdelt/FSL/2026-09-20.json,,GDELT 2.1 DOC API,https://api.gdeltproject.org/api/v2/doc/doc?format=json&mode=artlist&maxrecords=250&query=%22Firstsource+Solutions+Ltd.%22&startdatetime=20260920000000&enddatetime=20260921000000,failed,<urlopen error _ssl.c:983: The handshake operation timed out>
2026-09-21T05:09:31.038105+00:00,data/raw/news/gdelt/FIVESTAR/2026-09-20.json,,GDELT 2.1 DOC API,https://api.gdeltproject.org/api/v2/doc/doc?format=json&mode=artlist&maxrecords=250&query=%22Five-Star+Business+Finance+Ltd.%22&startdatetime=20260920000000&enddatetime=20260921000000,failed,HTTP Error 429: Too Many Requests
2026-09-21T05:11:43.324036+00:00,data/raw/news/gdelt/FORCEMOT/2026-09-20.json,,GDELT 2.1 DOC API,https://api.gdeltproject.org/api/v2/doc/doc?format=json&mode=artlist&maxrecords=250&query=%22Force+Motors+Ltd.%22&startdatetime=20260920000000&enddatetime=20260921000000,failed,HTTP Error 429: Too Many Requests
2026-09-21T05:12:18.173404+00:00,data/raw/news/gdelt/GABRIEL/2026-09-20.json,,GDELT 2.1 DOC API,https://api.gdeltproject.org/api/v2/doc/doc?format=json&mode=artlist&maxrecords=250&query=%22Gabriel+India+Ltd.%22&startdatetime=20260920000000&enddatetime=20260921000000,failed,response is unexpectedly short
2026-09-21T05:13:14.224088+00:00,data/raw/news/gdelt/GALLANTT/2026-09-20.json,,GDELT 2.1 DOC API,https://api.gdeltproject.org/api/v2/doc/doc?format=json&mode=artlist&maxrecords=250&query=%22Gallantt+Ispat+Ltd.%22&startdatetime=20260920000000&enddatetime=20260921000000,failed,response is unexpectedly short
2026-09-21T05:15:23.485564+00:00,data/raw/news/gdelt/GRSE/2026-09-20.json,,GDELT 2.1 DOC API,https://api.gdeltproject.org/api/v2/doc/doc?format=json&mode=artlist&maxrecords=250&query=%22Garden+Reach+Shipbuilders+%26+Engineers+Ltd.%22&startdatetime=20260920000000&enddatetime=20260921000000,failed,HTTP Error 429: Too Many Requests
2026-09-21T05:16:23.252430+00:00,data/raw/news/gdelt/GILLETTE/2026-09-20.json,,GDELT 2.1 DOC API,https://api.gdeltproject.org/api/v2/doc/doc?format=json&mode=artlist&maxrecords=250&query=%22Gillette+India+Ltd.%22&startdatetime=20260920000000&enddatetime=20260921000000,failed,response is unexpectedly short
2026-09-21T05:18:36.248654+00:00,data/raw/news/gdelt/GLAND/2026-09-20.json,,GDELT 2.1 DOC API,https://api.gdeltproject.org/api/v2/doc/doc?format=json&mode=artlist&maxrecords=250&query=%22Gland+Pharma+Ltd.%22&startdatetime=20260920000000&enddatetime=20260921000000,failed,HTTP Error 429: Too Many Requests
2026-09-21T05:20:10.330669+00:00,data/raw/news/gdelt/GODIGIT/2026-09-20.json,,GDELT 2.1 DOC API,https://api.gdeltproject.org/api/v2/doc/doc?format=json&mode=artlist&maxrecords=250&query=%22Go+Digit+General+Insurance+Ltd.%22&startdatetime=20260920000000&enddatetime=20260921000000,failed,response is unexpectedly short
2026-09-21T05:20:44.207132+00:00,data/raw/news/gdelt/GPIL/2026-09-20.json,,GDELT 2.1 DOC API,https://api.gdeltproject.org/api/v2/doc/doc?format=json&mode=artlist&maxrecords=250&query=%22Godawari+Power+%26+Ispat+Ltd.%22&startdatetime=20260920000000&enddatetime=20260921000000,failed,response is unexpectedly short
2026-09-21T10:43:33.477814+00:00,data/raw/universe/nifty_smallcap_250_2026-09-21.csv,76a2ea1942e23c6cf0bc7264c9a72fcc79fcadbd331397a3353c3d85c18143ce,Nifty Indices current constituent file,https://www.niftyindices.com/IndexConstituent/ind_niftysmallcap250list.csv,downloaded,
2026-09-21T10:45:43.416840+00:00,data/raw/news/gdelt/SAGILITY/2026-09-20.json,,GDELT 2.1 DOC API,https://api.gdeltproject.org/api/v2/doc/doc?format=json&mode=artlist&maxrecords=250&query=%22Sagility+Ltd.%22&startdatetime=20260920000000&enddatetime=20260921000000,failed,HTTP Error 429: Too Many Requests
2026-09-21T10:47:59.753972+00:00,data/raw/news/gdelt/SAILIFE/2026-09-20.json,,GDELT 2.1 DOC API,https://api.gdeltproject.org/api/v2/doc/doc?format=json&mode=artlist&maxrecords=250&query=%22Sai+Life+Sciences+Ltd.%22&startdatetime=20260920000000&enddatetime=20260921000000,failed,HTTP Error 429: Too Many Requests
2026-09-21T10:49:22.559613+00:00,data/raw/news/gdelt/SAMMAANCAP/2026-09-20.json,,GDELT 2.1 DOC API,https://api.gdeltproject.org/api/v2/doc/doc?format=json&mode=artlist&maxrecords=250&query=%22Sammaan+Capital+Ltd.%22&startdatetime=20260920000000&enddatetime=20260921000000,failed,response is unexpectedly short
2026-09-21T10:49:42.104632+00:00,data/raw/news/gdelt/SAPPHIRE/2026-09-20.json,,GDELT 2.1 DOC API,https://api.gdeltproject.org/api/v2/doc/doc?format=json&mode=artlist&maxrecords=250&query=%22Sapphire+Foods+India+Ltd.%22&startdatetime=20260920000000&enddatetime=20260921000000,failed,response is unexpectedly short
2026-09-21T10:50:16.928043+00:00,data/raw/news/gdelt/SARDAEN/2026-09-20.json,,GDELT 2.1 DOC API,https://api.gdeltproject.org/api/v2/doc/doc?format=json&mode=artlist&maxrecords=250&query=%22Sarda+Energy+and+Minerals+Ltd.%22&startdatetime=20260920000000&enddatetime=20260921000000,failed,response is unexpectedly short
2026-09-21T10:50:49.013860+00:00,data/raw/news/gdelt/SAREGAMA/2026-09-20.json,,GDELT 2.1 DOC API,https://api.gdeltproject.org/api/v2/doc/doc?format=json&mode=artlist&maxrecords=250&query=%22Saregama+India+Ltd%22&startdatetime=20260920000000&enddatetime=20260921000000,failed,response is unexpectedly short
2026-09-21T10:52:12.221549+00:00,data/raw/news/gdelt/SCHNEIDER/2026-09-20.json,,GDELT 2.1 DOC API,https://api.gdeltproject.org/api/v2/doc/doc?format=json&mode=artlist&maxrecords=250&query=%22Schneider+Electric+Infrastructure+Ltd.%22&startdatetime=20260920000000&enddatetime=20260921000000,failed,response is unexpectedly short
2026-09-21T10:54:22.130445+00:00,data/raw/news/gdelt/SCI/2026-09-20.json,,GDELT 2.1 DOC API,https://api.gdeltproject.org/api/v2/doc/doc?format=json&mode=artlist&maxrecords=250&query=%22Shipping+Corporation+of+India+Ltd.%22&startdatetime=20260920000000&enddatetime=20260921000000,failed,HTTP Error 429: Too Many Requests
2026-09-21T10:55:46.653894+00:00,data/raw/news/gdelt/SHYAMMETL/2026-09-20.json,,GDELT 2.1 DOC API,https://api.gdeltproject.org/api/v2/doc/doc?format=json&mode=artlist&maxrecords=250&query=%22Shyam+Metalics+and+Energy+Ltd.%22&startdatetime=20260920000000&enddatetime=20260921000000,failed,response is unexpectedly short
2026-09-21T10:57:51.039684+00:00,data/raw/news/gdelt/SIGNATURE/2026-09-20.json,,GDELT 2.1 DOC API,https://api.gdeltproject.org/api/v2/doc/doc?format=json&mode=artlist&maxrecords=250&query=%22Signatureglobal+%28India%29+Ltd.%22&startdatetime=20260920000000&enddatetime=20260921000000,failed,HTTP Error 429: Too Many Requests
2026-09-21T10:59:52.078347+00:00,data/raw/news/gdelt/SOBHA/2026-09-20.json,,GDELT 2.1 DOC API,https://api.gdeltproject.org/api/v2/doc/doc?format=json&mode=artlist&maxrecords=250&query=%22Sobha+Ltd.%22&startdatetime=20260920000000&enddatetime=20260921000000,failed,HTTP Error 429: Too Many Requests
2026-09-21T11:02:22.759974+00:00,data/raw/news/gdelt/SONACOMS/2026-09-20.json,,GDELT 2.1 DOC API,https://api.gdeltproject.org/api/v2/doc/doc?format=json&mode=artlist&maxrecords=250&query=%22Sona+BLW+Precision+Forgings+Ltd.%22&startdatetime=20260920000000&enddatetime=20260921000000,failed,HTTP Error 429: Too Many Requests
2026-09-21T11:04:36.621892+00:00,data/raw/news/gdelt/SONATSOFTW/2026-09-20.json,,GDELT 2.1 DOC API,https://api.gdeltproject.org/api/v2/doc/doc?format=json&mode=artlist&maxrecords=250&query=%22Sonata+Software+Ltd.%22&startdatetime=20260920000000&enddatetime=20260921000000,failed,HTTP Error 429: Too Many Requests
2026-09-21T11:04:54.869906+00:00,data/raw/news/gdelt/STARHEALTH/2026-09-20.json,,GDELT 2.1 DOC API,https://api.gdeltproject.org/api/v2/doc/doc?format=json&mode=artlist&maxrecords=250&query=%22Star+Health+and+Allied+Insurance+Company+Ltd.%22&startdatetime=20260920000000&enddatetime=20260921000000,failed,response is unexpectedly short
2026-09-21T11:07:05.175843+00:00,data/raw/news/gdelt/SUMICHEM/2026-09-20.json,,GDELT 2.1 DOC API,https://api.gdeltproject.org/api/v2/doc/doc?format=json&mode=artlist&maxrecords=250&query=%22Sumitomo+Chemical+India+Ltd.%22&startdatetime=20260920000000&enddatetime=20260921000000,failed,HTTP Error 429: Too Many Requests
2026-09-21T11:09:17.135642+00:00,data/raw/news/gdelt/SUNTV/2026-09-20.json,,GDELT 2.1 DOC API,https://api.gdeltproject.org/api/v2/doc/doc?format=json&mode=artlist&maxrecords=250&query=%22Sun+TV+Network+Ltd.%22&startdatetime=20260920000000&enddatetime=20260921000000,failed,HTTP Error 429: Too Many Requests
2026-09-21T11:09:52.544911+00:00,data/raw/news/gdelt/SPLPETRO/2026-09-20.json,,GDELT 2.1 DOC API,https://api.gdeltproject.org/api/v2/doc/doc?format=json&mode=artlist&maxrecords=250&query=%22Supreme+Petrochem+Ltd.%22&startdatetime=20260920000000&enddatetime=20260921000000,failed,response is unexpectedly short
2026-09-21T11:10:11.815359+00:00,data/raw/news/gdelt/SWANCORP/2026-09-20.json,,GDELT 2.1 DOC API,https://api.gdeltproject.org/api/v2/doc/doc?format=json&mode=artlist&maxrecords=250&query=%22Swan+Corp+Ltd.%22&startdatetime=20260920000000&enddatetime=20260921000000,failed,response is unexpectedly short
2026-09-21T11:11:05.705499+00:00,data/raw/news/gdelt/SYNGENE/2026-09-20.json,,GDELT 2.1 DOC API,https://api.gdeltproject.org/api/v2/doc/doc?format=json&mode=artlist&maxrecords=250&query=%22Syngene+International+Ltd.%22&startdatetime=20260920000000&enddatetime=20260921000000,failed,response is unexpectedly short
2026-09-21T11:11:23.798562+00:00,data/raw/news/gdelt/SYRMA/2026-09-20.json,,GDELT 2.1 DOC API,https://api.gdeltproject.org/api/v2/doc/doc?format=json&mode=artlist&maxrecords=250&query=%22Syrma+SGS+Technology+Ltd.%22&startdatetime=20260920000000&enddatetime=20260921000000,failed,response is unexpectedly short
2026-09-21T17:03:04.024926+00:00,data/raw/universe/nifty_smallcap_250_2026-09-21.csv,76a2ea1942e23c6cf0bc7264c9a72fcc79fcadbd331397a3353c3d85c18143ce,Nifty Indices current constituent file,https://www.niftyindices.com/IndexConstituent/ind_niftysmallcap250list.csv,downloaded,
2026-09-21T18:12:57.462051+00:00,data/raw/universe/nifty_smallcap_250_2026-09-21.csv,76a2ea1942e23c6cf0bc7264c9a72fcc79fcadbd331397a3353c3d85c18143ce,Nifty Indices current constituent file,https://www.niftyindices.com/IndexConstituent/ind_niftysmallcap250list.csv,downloaded,
2026-09-21T18:12:58.015448+00:00,data/raw/nse_bhavcopy/PR21092026.zip,,NSE Bhavcopy PR archive,https://nsearchives.nseindia.com/content/cm/PR21092026.zip,failed,HTTP Error 404: Not Found
2026-09-21T18:12:58.296768+00:00,data/raw/nse_bhavcopy/PR210926.zip,,NSE Bhavcopy PR archive,https://nsearchives.nseindia.com/content/cm/PR210926.zip,failed,HTTP Error 404: Not Found
2026-09-22T04:55:23.942375+00:00,data/raw/universe/nifty_smallcap_250_2026-09-22.csv,76a2ea1942e23c6cf0bc7264c9a72fcc79fcadbd331397a3353c3d85c18143ce,Nifty Indices current constituent file,https://www.niftyindices.com/IndexConstituent/ind_niftysmallcap250list.csv,downloaded,
2026-09-22T04:57:33.927250+00:00,data/raw/news/gdelt/EIHOTEL/2026-09-21.json,d2b13e8118f3051c4871b88e6b42097b0310331747c189618d6f77e71830cd8a,GDELT 2.1 DOC API,https://api.gdeltproject.org/api/v2/doc/doc?format=json&mode=artlist&maxrecords=250&query=%22EIH+Ltd.%22&startdatetime=20260921000000&enddatetime=20260922000000,downloaded,
2026-09-22T04:59:44.969080+00:00,data/raw/news/gdelt/ELECON/2026-09-21.json,,GDELT 2.1 DOC API,https://api.gdeltproject.org/api/v2/doc/doc?format=json&mode=artlist&maxrecords=250&query=%22Elecon+Engineering+Co.+Ltd.%22&startdatetime=20260921000000&enddatetime=20260922000000,failed,response is unexpectedly short
2026-09-22T05:00:09.771084+00:00,data/raw/news/gdelt/ELGIEQUIP/2026-09-21.json,,GDELT 2.1 DOC API,https://api.gdeltproject.org/api/v2/doc/doc?format=json&mode=artlist&maxrecords=250&query=%22Elgi+Equipments+Ltd.%22&startdatetime=20260921000000&enddatetime=20260922000000,failed,response is unexpectedly short
2026-09-22T05:02:45.921778+00:00,data/raw/news/gdelt/EMAMILTD/2026-09-21.json,,GDELT 2.1 DOC API,https://api.gdeltproject.org/api/v2/doc/doc?format=json&mode=artlist&maxrecords=250&query=%22Emami+Ltd.%22&startdatetime=20260921000000&enddatetime=20260922000000,failed,HTTP Error 429: Too Many Requests
2026-09-22T05:05:01.748821+00:00,data/raw/news/gdelt/EMCURE/2026-09-21.json,,GDELT 2.1 DOC API,https://api.gdeltproject.org/api/v2/doc/doc?format=json&mode=artlist&maxrecords=250&query=%22Emcure+Pharmaceuticals+Ltd.%22&startdatetime=20260921000000&enddatetime=20260922000000,failed,HTTP Error 429: Too Many Requests
2026-09-22T05:05:20.075581+00:00,data/raw/news/gdelt/EMMVEE/2026-09-21.json,,GDELT 2.1 DOC API,https://api.gdeltproject.org/api/v2/doc/doc?format=json&mode=artlist&maxrecords=250&query=%22Emmvee+Photovoltaic+Power+Ltd.%22&startdatetime=20260921000000&enddatetime=20260922000000,failed,response is unexpectedly short
2026-09-22T05:06:18.195424+00:00,data/raw/news/gdelt/ENGINERSIN/2026-09-21.json,,GDELT 2.1 DOC API,https://api.gdeltproject.org/api/v2/doc/doc?format=json&mode=artlist&maxrecords=250&query=%22Engineers+India+Ltd.%22&startdatetime=20260921000000&enddatetime=20260922000000,failed,response is unexpectedly short
2026-09-22T05:06:49.772345+00:00,data/raw/news/gdelt/ERIS/2026-09-21.json,,GDELT 2.1 DOC API,https://api.gdeltproject.org/api/v2/doc/doc?format=json&mode=artlist&maxrecords=250&query=%22Eris+Lifesciences+Ltd.%22&startdatetime=20260921000000&enddatetime=20260922000000,failed,response is unexpectedly short
2026-09-22T05:09:03.403192+00:00,data/raw/news/gdelt/FACT/2026-09-21.json,,GDELT 2.1 DOC API,https://api.gdeltproject.org/api/v2/doc/doc?format=json&mode=artlist&maxrecords=250&query=%22Fertilisers+and+Chemicals+Travancore+Ltd.%22&startdatetime=20260921000000&enddatetime=20260922000000,failed,HTTP Error 429: Too Many Requests
2026-09-22T05:10:33.119139+00:00,data/raw/news/gdelt/FINCABLES/2026-09-21.json,,GDELT 2.1 DOC API,https://api.gdeltproject.org/api/v2/doc/doc?format=json&mode=artlist&maxrecords=250&query=%22Finolex+Cables+Ltd.%22&startdatetime=20260921000000&enddatetime=20260922000000,failed,response is unexpectedly short
2026-09-22T05:12:04.270910+00:00,data/raw/news/gdelt/FSL/2026-09-21.json,,GDELT 2.1 DOC API,https://api.gdeltproject.org/api/v2/doc/doc?format=json&mode=artlist&maxrecords=250&query=%22Firstsource+Solutions+Ltd.%22&startdatetime=20260921000000&enddatetime=20260922000000,failed,response is unexpectedly short
2026-09-22T05:14:15.045384+00:00,data/raw/news/gdelt/FIVESTAR/2026-09-21.json,,GDELT 2.1 DOC API,https://api.gdeltproject.org/api/v2/doc/doc?format=json&mode=artlist&maxrecords=250&query=%22Five-Star+Business+Finance+Ltd.%22&startdatetime=20260921000000&enddatetime=20260922000000,failed,HTTP Error 429: Too Many Requests
2026-09-22T05:14:28.960466+00:00,data/raw/news/gdelt/FORCEMOT/2026-09-21.json,,GDELT 2.1 DOC API,https://api.gdeltproject.org/api/v2/doc/doc?format=json&mode=artlist&maxrecords=250&query=%22Force+Motors+Ltd.%22&startdatetime=20260921000000&enddatetime=20260922000000,failed,response is unexpectedly short
2026-09-22T05:15:57.485484+00:00,data/raw/news/gdelt/GABRIEL/2026-09-21.json,,GDELT 2.1 DOC API,https://api.gdeltproject.org/api/v2/doc/doc?format=json&mode=artlist&maxrecords=250&query=%22Gabriel+India+Ltd.%22&startdatetime=20260921000000&enddatetime=20260922000000,failed,response is unexpectedly short
2026-09-22T05:16:59.447424+00:00,data/raw/news/gdelt/GALLANTT/2026-09-21.json,,GDELT 2.1 DOC API,https://api.gdeltproject.org/api/v2/doc/doc?format=json&mode=artlist&maxrecords=250&query=%22Gallantt+Ispat+Ltd.%22&startdatetime=20260921000000&enddatetime=20260922000000,failed,response is unexpectedly short
2026-09-22T05:19:15.820673+00:00,data/raw/news/gdelt/GRSE/2026-09-21.json,,GDELT 2.1 DOC API,https://api.gdeltproject.org/api/v2/doc/doc?format=json&mode=artlist&maxrecords=250&query=%22Garden+Reach+Shipbuilders+%26+Engineers+Ltd.%22&startdatetime=20260921000000&enddatetime=20260922000000,failed,HTTP Error 429: Too Many Requests
2026-09-22T05:20:09.237159+00:00,data/raw/news/gdelt/GILLETTE/2026-09-21.json,,GDELT 2.1 DOC API,https://api.gdeltproject.org/api/v2/doc/doc?format=json&mode=artlist&maxrecords=250&query=%22Gillette+India+Ltd.%22&startdatetime=20260921000000&enddatetime=20260922000000,failed,response is unexpectedly short
2026-09-22T05:22:24.904055+00:00,data/raw/news/gdelt/GLAND/2026-09-21.json,,GDELT 2.1 DOC API,https://api.gdeltproject.org/api/v2/doc/doc?format=json&mode=artlist&maxrecords=250&query=%22Gland+Pharma+Ltd.%22&startdatetime=20260921000000&enddatetime=20260922000000,failed,HTTP Error 429: Too Many Requests
2026-09-22T05:24:41.725328+00:00,data/raw/news/gdelt/GODIGIT/2026-09-21.json,,GDELT 2.1 DOC API,https://api.gdeltproject.org/api/v2/doc/doc?format=json&mode=artlist&maxrecords=250&query=%22Go+Digit+General+Insurance+Ltd.%22&startdatetime=20260921000000&enddatetime=20260922000000,failed,response is unexpectedly short
2026-09-22T05:26:56.585589+00:00,data/raw/news/gdelt/GPIL/2026-09-21.json,,GDELT 2.1 DOC API,https://api.gdeltproject.org/api/v2/doc/doc?format=json&mode=artlist&maxrecords=250&query=%22Godawari+Power+%26+Ispat+Ltd.%22&startdatetime=20260921000000&enddatetime=20260922000000,failed,HTTP Error 429: Too Many Requests
2026-09-22T09:57:08.711385+00:00,data/raw/universe/nifty_smallcap_250_2026-09-22.csv,76a2ea1942e23c6cf0bc7264c9a72fcc79fcadbd331397a3353c3d85c18143ce,Nifty Indices current constituent file,https://www.niftyindices.com/IndexConstituent/ind_niftysmallcap250list.csv,downloaded,
2026-09-22T09:57:36.729614+00:00,data/raw/news/gdelt/PVRINOX/2026-09-21.json,e4ce88368ed95b5db78336d39642f965c8886e1c642032feea7db01adcff4627,GDELT 2.1 DOC API,https://api.gdeltproject.org/api/v2/doc/doc?format=json&mode=artlist&maxrecords=250&query=%22PVR+INOX+Ltd.%22&startdatetime=20260921000000&enddatetime=20260922000000,downloaded,
2026-09-22T09:59:41.128482+00:00,data/raw/news/gdelt/PARADEEP/2026-09-21.json,,GDELT 2.1 DOC API,https://api.gdeltproject.org/api/v2/doc/doc?format=json&mode=artlist&maxrecords=250&query=%22Paradeep+Phosphates+Ltd.%22&startdatetime=20260921000000&enddatetime=20260922000000,failed,HTTP Error 429: Too Many Requests
2026-09-22T10:00:41.076790+00:00,data/raw/news/gdelt/PFIZER/2026-09-21.json,,GDELT 2.1 DOC API,https://api.gdeltproject.org/api/v2/doc/doc?format=json&mode=artlist&maxrecords=250&query=%22Pfizer+Ltd.%22&startdatetime=20260921000000&enddatetime=20260922000000,failed,response is unexpectedly short
2026-09-22T10:02:29.341354+00:00,data/raw/news/gdelt/PWL/2026-09-21.json,,GDELT 2.1 DOC API,https://api.gdeltproject.org/api/v2/doc/doc?format=json&mode=artlist&maxrecords=250&query=%22Physicswallah+Ltd.%22&startdatetime=20260921000000&enddatetime=20260922000000,failed,response is unexpectedly short
2026-09-22T10:02:55.507500+00:00,data/raw/news/gdelt/PINELABS/2026-09-21.json,,GDELT 2.1 DOC API,https://api.gdeltproject.org/api/v2/doc/doc?format=json&mode=artlist&maxrecords=250&query=%22Pine+Labs+Ltd.%22&startdatetime=20260921000000&enddatetime=20260922000000,failed,response is unexpectedly short
2026-09-22T10:05:14.161147+00:00,data/raw/news/gdelt/PIRAMALFIN/2026-09-21.json,,GDELT 2.1 DOC API,https://api.gdeltproject.org/api/v2/doc/doc?format=json&mode=artlist&maxrecords=250&query=%22Piramal+Finance+Ltd.%22&startdatetime=20260921000000&enddatetime=20260922000000,failed,HTTP Error 429: Too Many Requests
2026-09-22T10:05:45.511882+00:00,data/raw/news/gdelt/PPLPHARMA/2026-09-21.json,,GDELT 2.1 DOC API,https://api.gdeltproject.org/api/v2/doc/doc?format=json&mode=artlist&maxrecords=250&query=%22Piramal+Pharma+Ltd.%22&startdatetime=20260921000000&enddatetime=20260922000000,failed,response is unexpectedly short
2026-09-22T10:07:57.407803+00:00,data/raw/news/gdelt/POLYMED/2026-09-21.json,,GDELT 2.1 DOC API,https://api.gdeltproject.org/api/v2/doc/doc?format=json&mode=artlist&maxrecords=250&query=%22Poly+Medicure+Ltd.%22&startdatetime=20260921000000&enddatetime=20260922000000,failed,HTTP Error 429: Too Many Requests
2026-09-22T10:08:28.665142+00:00,data/raw/news/gdelt/POONAWALLA/2026-09-21.json,,GDELT 2.1 DOC API,https://api.gdeltproject.org/api/v2/doc/doc?format=json&mode=artlist&maxrecords=250&query=%22Poonawalla+Fincorp+Ltd.%22&startdatetime=20260921000000&enddatetime=20260922000000,failed,response is unexpectedly short
2026-09-22T10:09:38.958222+00:00,data/raw/news/gdelt/PFOCUS/2026-09-21.json,,GDELT 2.1 DOC API,https://api.gdeltproject.org/api/v2/doc/doc?format=json&mode=artlist&maxrecords=250&query=%22Prime+Focus+Ltd.%22&startdatetime=20260921000000&enddatetime=20260922000000,failed,response is unexpectedly short
2026-09-22T10:09:51.958079+00:00,data/raw/news/gdelt/RRKABEL/2026-09-21.json,,GDELT 2.1 DOC API,https://api.gdeltproject.org/api/v2/doc/doc?format=json&mode=artlist&maxrecords=250&query=%22R+R+Kabel+Ltd.%22&startdatetime=20260921000000&enddatetime=20260922000000,failed,response is unexpectedly short
2026-09-22T10:11:19.261091+00:00,data/raw/news/gdelt/RBLBANK/2026-09-21.json,,GDELT 2.1 DOC API,https://api.gdeltproject.org/api/v2/doc/doc?format=json&mode=artlist&maxrecords=250&query=%22RBL+Bank+Ltd.%22&startdatetime=20260921000000&enddatetime=20260922000000,failed,response is unexpectedly short
2026-09-22T10:11:39.937071+00:00,data/raw/news/gdelt/RHIM/2026-09-21.json,,GDELT 2.1 DOC API,https://api.gdeltproject.org/api/v2/doc/doc?format=json&mode=artlist&maxrecords=250&query=%22RHI+MAGNESITA+INDIA+LTD.%22&startdatetime=20260921000000&enddatetime=20260922000000,failed,response is unexpectedly short
2026-09-22T10:11:55.481960+00:00,data/raw/news/gdelt/RITES/2026-09-21.json,,GDELT 2.1 DOC API,https://api.gdeltproject.org/api/v2/doc/doc?format=json&mode=artlist&maxrecords=250&query=%22RITES+Ltd.%22&startdatetime=20260921000000&enddatetime=20260922000000,failed,response is unexpectedly short
2026-09-22T10:14:04.715299+00:00,data/raw/news/gdelt/RAILTEL/2026-09-21.json,,GDELT 2.1 DOC API,https://api.gdeltproject.org/api/v2/doc/doc?format=json&mode=artlist&maxrecords=250&query=%22Railtel+Corporation+Of+India+Ltd.%22&startdatetime=20260921000000&enddatetime=20260922000000,failed,HTTP Error 429: Too Many Requests
2026-09-22T10:14:18.277308+00:00,data/raw/news/gdelt/RAINBOW/2026-09-21.json,,GDELT 2.1 DOC API,https://api.gdeltproject.org/api/v2/doc/doc?format=json&mode=artlist&maxrecords=250&query=%22Rainbow+Childrens+Medicare+Ltd.%22&startdatetime=20260921000000&enddatetime=20260922000000,failed,response is unexpectedly short
2026-09-22T10:16:27.083452+00:00,data/raw/news/gdelt/RKFORGE/2026-09-21.json,,GDELT 2.1 DOC API,https://api.gdeltproject.org/api/v2/doc/doc?format=json&mode=artlist&maxrecords=250&query=%22Ramkrishna+Forgings+Ltd.%22&startdatetime=20260921000000&enddatetime=20260922000000,failed,HTTP Error 429: Too Many Requests
2026-09-22T10:18:41.449611+00:00,data/raw/news/gdelt/REDINGTON/2026-09-21.json,,GDELT 2.1 DOC API,https://api.gdeltproject.org/api/v2/doc/doc?format=json&mode=artlist&maxrecords=250&query=%22Redington+Ltd.%22&startdatetime=20260921000000&enddatetime=20260922000000,failed,HTTP Error 429: Too Many Requests
2026-09-22T10:19:38.296274+00:00,data/raw/news/gdelt/RPOWER/2026-09-21.json,,GDELT 2.1 DOC API,https://api.gdeltproject.org/api/v2/doc/doc?format=json&mode=artlist&maxrecords=250&query=%22Reliance+Power+Ltd.%22&startdatetime=20260921000000&enddatetime=20260922000000,failed,response is unexpectedly short
2026-09-22T10:21:52.897801+00:00,data/raw/news/gdelt/SBFC/2026-09-21.json,,GDELT 2.1 DOC API,https://api.gdeltproject.org/api/v2/doc/doc?format=json&mode=artlist&maxrecords=250&query=%22SBFC+Finance+Ltd.%22&startdatetime=20260921000000&enddatetime=20260922000000,failed,HTTP Error 429: Too Many Requests
2026-09-22T14:53:27.018525+00:00,data/raw/universe/nifty_smallcap_250_2026-09-22.csv,d109adb29310df0b9384594ae1ed9046d670fcc954a34ce7e87795afc2a541c4,Nifty Indices current constituent file,https://www.niftyindices.com/IndexConstituent/ind_niftysmallcap250list.csv,downloaded,
2026-09-22T16:58:34.252294+00:00,data/raw/universe/nifty_smallcap_250_2026-09-22.csv,d109adb29310df0b9384594ae1ed9046d670fcc954a34ce7e87795afc2a541c4,Nifty Indices current constituent file,https://www.niftyindices.com/IndexConstituent/ind_niftysmallcap250list.csv,downloaded,
2026-09-22T16:58:34.848550+00:00,data/raw/nse_bhavcopy/PR22092026.zip,,NSE Bhavcopy PR archive,https://nsearchives.nseindia.com/content/cm/PR22092026.zip,failed,HTTP Error 404: Not Found
2026-09-22T16:58:35.239528+00:00,data/raw/nse_bhavcopy/PR220926.zip,,NSE Bhavcopy PR archive,https://nsearchives.nseindia.com/content/cm/PR220926.zip,failed,HTTP Error 404: Not Found
2026-09-23T04:44:42.918279+00:00,data/raw/universe/nifty_smallcap_250_2026-09-23.csv,d109adb29310df0b9384594ae1ed9046d670fcc954a34ce7e87795afc2a541c4,Nifty Indices current constituent file,https://www.niftyindices.com/IndexConstituent/ind_niftysmallcap250list.csv,downloaded,
2026-09-23T04:44:58.748015+00:00,data/raw/news/gdelt/EIHOTEL/2026-09-22.json,,GDELT 2.1 DOC API,https://api.gdeltproject.org/api/v2/doc/doc?format=json&mode=artlist&maxrecords=250&query=%22EIH+Ltd.%22&startdatetime=20260922000000&enddatetime=20260923000000,failed,response is unexpectedly short
2026-09-23T04:47:21.667099+00:00,data/raw/news/gdelt/ELECON/2026-09-22.json,,GDELT 2.1 DOC API,https://api.gdeltproject.org/api/v2/doc/doc?format=json&mode=artlist&maxrecords=250&query=%22Elecon+Engineering+Co.+Ltd.%22&startdatetime=20260922000000&enddatetime=20260923000000,failed,HTTP Error 429: Too Many Requests
2026-09-23T04:47:56.088246+00:00,data/raw/news/gdelt/ELGIEQUIP/2026-09-22.json,,GDELT 2.1 DOC API,https://api.gdeltproject.org/api/v2/doc/doc?format=json&mode=artlist&maxrecords=250&query=%22Elgi+Equipments+Ltd.%22&startdatetime=20260922000000&enddatetime=20260923000000,failed,response is unexpectedly short
2026-09-23T04:50:09.145820+00:00,data/raw/news/gdelt/EMAMILTD/2026-09-22.json,,GDELT 2.1 DOC API,https://api.gdeltproject.org/api/v2/doc/doc?format=json&mode=artlist&maxrecords=250&query=%22Emami+Ltd.%22&startdatetime=20260922000000&enddatetime=20260923000000,failed,HTTP Error 429: Too Many Requests
2026-09-23T04:52:26.693924+00:00,data/raw/news/gdelt/EMCURE/2026-09-22.json,,GDELT 2.1 DOC API,https://api.gdeltproject.org/api/v2/doc/doc?format=json&mode=artlist&maxrecords=250&query=%22Emcure+Pharmaceuticals+Ltd.%22&startdatetime=20260922000000&enddatetime=20260923000000,failed,HTTP Error 429: Too Many Requests
2026-09-23T04:53:55.319558+00:00,data/raw/news/gdelt/EMMVEE/2026-09-22.json,,GDELT 2.1 DOC API,https://api.gdeltproject.org/api/v2/doc/doc?format=json&mode=artlist&maxrecords=250&query=%22Emmvee+Photovoltaic+Power+Ltd.%22&startdatetime=20260922000000&enddatetime=20260923000000,failed,response is unexpectedly short
2026-09-23T04:56:03.724689+00:00,data/raw/news/gdelt/ENGINERSIN/2026-09-22.json,,GDELT 2.1 DOC API,https://api.gdeltproject.org/api/v2/doc/doc?format=json&mode=artlist&maxrecords=250&query=%22Engineers+India+Ltd.%22&startdatetime=20260922000000&enddatetime=20260923000000,failed,HTTP Error 429: Too Many Requests
2026-09-23T04:58:19.050261+00:00,data/raw/news/gdelt/ERIS/2026-09-22.json,,GDELT 2.1 DOC API,https://api.gdeltproject.org/api/v2/doc/doc?format=json&mode=artlist&maxrecords=250&query=%22Eris+Lifesciences+Ltd.%22&startdatetime=20260922000000&enddatetime=20260923000000,failed,response is unexpectedly short
2026-09-23T05:00:30.808679+00:00,data/raw/news/gdelt/FACT/2026-09-22.json,,GDELT 2.1 DOC API,https://api.gdeltproject.org/api/v2/doc/doc?format=json&mode=artlist&maxrecords=250&query=%22Fertilisers+and+Chemicals+Travancore+Ltd.%22&startdatetime=20260922000000&enddatetime=20260923000000,failed,HTTP Error 429: Too Many Requests
2026-09-23T05:00:51.691521+00:00,data/raw/news/gdelt/FINCABLES/2026-09-22.json,,GDELT 2.1 DOC API,https://api.gdeltproject.org/api/v2/doc/doc?format=json&mode=artlist&maxrecords=250&query=%22Finolex+Cables+Ltd.%22&startdatetime=20260922000000&enddatetime=20260923000000,failed,response is unexpectedly short
2026-09-23T05:03:20.966915+00:00,data/raw/news/gdelt/FSL/2026-09-22.json,,GDELT 2.1 DOC API,https://api.gdeltproject.org/api/v2/doc/doc?format=json&mode=artlist&maxrecords=250&query=%22Firstsource+Solutions+Ltd.%22&startdatetime=20260922000000&enddatetime=20260923000000,failed,HTTP Error 429: Too Many Requests
2026-09-23T05:03:42.381347+00:00,data/raw/news/gdelt/FIVESTAR/2026-09-22.json,,GDELT 2.1 DOC API,https://api.gdeltproject.org/api/v2/doc/doc?format=json&mode=artlist&maxrecords=250&query=%22Five-Star+Business+Finance+Ltd.%22&startdatetime=20260922000000&enddatetime=20260923000000,failed,response is unexpectedly short
2026-09-23T05:06:00.368594+00:00,data/raw/news/gdelt/FORCEMOT/2026-09-22.json,,GDELT 2.1 DOC API,https://api.gdeltproject.org/api/v2/doc/doc?format=json&mode=artlist&maxrecords=250&query=%22Force+Motors+Ltd.%22&startdatetime=20260922000000&enddatetime=20260923000000,failed,HTTP Error 429: Too Many Requests
2026-09-23T05:06:19.494393+00:00,data/raw/news/gdelt/GABRIEL/2026-09-22.json,,GDELT 2.1 DOC API,https://api.gdeltproject.org/api/v2/doc/doc?format=json&mode=artlist&maxrecords=250&query=%22Gabriel+India+Ltd.%22&startdatetime=20260922000000&enddatetime=20260923000000,failed,response is unexpectedly short
2026-09-23T05:08:33.275628+00:00,data/raw/news/gdelt/GALLANTT/2026-09-22.json,,GDELT 2.1 DOC API,https://api.gdeltproject.org/api/v2/doc/doc?format=json&mode=artlist&maxrecords=250&query=%22Gallantt+Ispat+Ltd.%22&startdatetime=20260922000000&enddatetime=20260923000000,failed,HTTP Error 429: Too Many Requests
2026-09-23T05:08:53.897267+00:00,data/raw/news/gdelt/GRSE/2026-09-22.json,,GDELT 2.1 DOC API,https://api.gdeltproject.org/api/v2/doc/doc?format=json&mode=artlist&maxrecords=250&query=%22Garden+Reach+Shipbuilders+%26+Engineers+Ltd.%22&startdatetime=20260922000000&enddatetime=20260923000000,failed,response is unexpectedly short
2026-09-23T05:09:14.033854+00:00,data/raw/news/gdelt/GILLETTE/2026-09-22.json,,GDELT 2.1 DOC API,https://api.gdeltproject.org/api/v2/doc/doc?format=json&mode=artlist&maxrecords=250&query=%22Gillette+India+Ltd.%22&startdatetime=20260922000000&enddatetime=20260923000000,failed,response is unexpectedly short
2026-09-23T05:11:35.476557+00:00,data/raw/news/gdelt/GLAND/2026-09-22.json,,GDELT 2.1 DOC API,https://api.gdeltproject.org/api/v2/doc/doc?format=json&mode=artlist&maxrecords=250&query=%22Gland+Pharma+Ltd.%22&startdatetime=20260922000000&enddatetime=20260923000000,failed,response is unexpectedly short
2026-09-23T05:11:53.195976+00:00,data/raw/news/gdelt/GODIGIT/2026-09-22.json,,GDELT 2.1 DOC API,https://api.gdeltproject.org/api/v2/doc/doc?format=json&mode=artlist&maxrecords=250&query=%22Go+Digit+General+Insurance+Ltd.%22&startdatetime=20260922000000&enddatetime=20260923000000,failed,response is unexpectedly short
2026-09-23T05:13:15.910426+00:00,data/raw/news/gdelt/GPIL/2026-09-22.json,,GDELT 2.1 DOC API,https://api.gdeltproject.org/api/v2/doc/doc?format=json&mode=artlist&maxrecords=250&query=%22Godawari+Power+%26+Ispat+Ltd.%22&startdatetime=20260922000000&enddatetime=20260923000000,failed,response is unexpectedly short
2026-09-23T09:58:48.040657+00:00,data/raw/universe/nifty_smallcap_250_2026-09-23.csv,d109adb29310df0b9384594ae1ed9046d670fcc954a34ce7e87795afc2a541c4,Nifty Indices current constituent file,https://www.niftyindices.com/IndexConstituent/ind_niftysmallcap250list.csv,downloaded,
2026-09-23T09:59:13.892240+00:00,data/raw/news/gdelt/PVRINOX/2026-09-22.json,,GDELT 2.1 DOC API,https://api.gdeltproject.org/api/v2/doc/doc?format=json&mode=artlist&maxrecords=250&query=%22PVR+INOX+Ltd.%22&startdatetime=20260922000000&enddatetime=20260923000000,failed,response is unexpectedly short
2026-09-23T10:01:23.333828+00:00,data/raw/news/gdelt/PARADEEP/2026-09-22.json,,GDELT 2.1 DOC API,https://api.gdeltproject.org/api/v2/doc/doc?format=json&mode=artlist&maxrecords=250&query=%22Paradeep+Phosphates+Ltd.%22&startdatetime=20260922000000&enddatetime=20260923000000,failed,HTTP Error 429: Too Many Requests
2026-09-23T10:01:47.382177+00:00,data/raw/news/gdelt/PFIZER/2026-09-22.json,,GDELT 2.1 DOC API,https://api.gdeltproject.org/api/v2/doc/doc?format=json&mode=artlist&maxrecords=250&query=%22Pfizer+Ltd.%22&startdatetime=20260922000000&enddatetime=20260923000000,failed,response is unexpectedly short
2026-09-23T10:04:28.118280+00:00,data/raw/news/gdelt/PWL/2026-09-22.json,,GDELT 2.1 DOC API,https://api.gdeltproject.org/api/v2/doc/doc?format=json&mode=artlist&maxrecords=250&query=%22Physicswallah+Ltd.%22&startdatetime=20260922000000&enddatetime=20260923000000,failed,response is unexpectedly short
2026-09-23T10:07:23.700441+00:00,data/raw/news/gdelt/PINELABS/2026-09-22.json,,GDELT 2.1 DOC API,https://api.gdeltproject.org/api/v2/doc/doc?format=json&mode=artlist&maxrecords=250&query=%22Pine+Labs+Ltd.%22&startdatetime=20260922000000&enddatetime=20260923000000,failed,HTTP Error 429: Too Many Requests
2026-09-23T10:09:12.578580+00:00,data/raw/news/gdelt/PIRAMALFIN/2026-09-22.json,,GDELT 2.1 DOC API,https://api.gdeltproject.org/api/v2/doc/doc?format=json&mode=artlist&maxrecords=250&query=%22Piramal+Finance+Ltd.%22&startdatetime=20260922000000&enddatetime=20260923000000,failed,response is unexpectedly short
2026-09-23T10:09:42.474271+00:00,data/raw/news/gdelt/PPLPHARMA/2026-09-22.json,,GDELT 2.1 DOC API,https://api.gdeltproject.org/api/v2/doc/doc?format=json&mode=artlist&maxrecords=250&query=%22Piramal+Pharma+Ltd.%22&startdatetime=20260922000000&enddatetime=20260923000000,failed,response is unexpectedly short
2026-09-23T10:12:13.779976+00:00,data/raw/news/gdelt/POLYMED/2026-09-22.json,,GDELT 2.1 DOC API,https://api.gdeltproject.org/api/v2/doc/doc?format=json&mode=artlist&maxrecords=250&query=%22Poly+Medicure+Ltd.%22&startdatetime=20260922000000&enddatetime=20260923000000,failed,response is unexpectedly short
2026-09-23T10:12:32.767658+00:00,data/raw/news/gdelt/POONAWALLA/2026-09-22.json,,GDELT 2.1 DOC API,https://api.gdeltproject.org/api/v2/doc/doc?format=json&mode=artlist&maxrecords=250&query=%22Poonawalla+Fincorp+Ltd.%22&startdatetime=20260922000000&enddatetime=20260923000000,failed,response is unexpectedly short
2026-09-23T10:14:43.341096+00:00,data/raw/news/gdelt/PFOCUS/2026-09-22.json,,GDELT 2.1 DOC API,https://api.gdeltproject.org/api/v2/doc/doc?format=json&mode=artlist&maxrecords=250&query=%22Prime+Focus+Ltd.%22&startdatetime=20260922000000&enddatetime=20260923000000,failed,HTTP Error 429: Too Many Requests
2026-09-23T10:17:39.197132+00:00,data/raw/news/gdelt/RRKABEL/2026-09-22.json,,GDELT 2.1 DOC API,https://api.gdeltproject.org/api/v2/doc/doc?format=json&mode=artlist&maxrecords=250&query=%22R+R+Kabel+Ltd.%22&startdatetime=20260922000000&enddatetime=20260923000000,failed,HTTP Error 429: Too Many Requests
2026-09-23T10:18:35.612387+00:00,data/raw/news/gdelt/RBLBANK/2026-09-22.json,,GDELT 2.1 DOC API,https://api.gdeltproject.org/api/v2/doc/doc?format=json&mode=artlist&maxrecords=250&query=%22RBL+Bank+Ltd.%22&startdatetime=20260922000000&enddatetime=20260923000000,failed,response is unexpectedly short
2026-09-23T10:21:00.587935+00:00,data/raw/news/gdelt/RHIM/2026-09-22.json,084febd0331225b271429b7349b9fcb12dd1061683062d50001cd8787d5a980d,GDELT 2.1 DOC API,https://api.gdeltproject.org/api/v2/doc/doc?format=json&mode=artlist&maxrecords=250&query=%22RHI+MAGNESITA+INDIA+LTD.%22&startdatetime=20260922000000&enddatetime=20260923000000,downloaded,
2026-09-23T10:23:25.811264+00:00,data/raw/news/gdelt/RITES/2026-09-22.json,,GDELT 2.1 DOC API,https://api.gdeltproject.org/api/v2/doc/doc?format=json&mode=artlist&maxrecords=250&query=%22RITES+Ltd.%22&startdatetime=20260922000000&enddatetime=20260923000000,failed,response is unexpectedly short
2026-09-23T10:23:45.510529+00:00,data/raw/news/gdelt/RAILTEL/2026-09-22.json,,GDELT 2.1 DOC API,https://api.gdeltproject.org/api/v2/doc/doc?format=json&mode=artlist&maxrecords=250&query=%22Railtel+Corporation+Of+India+Ltd.%22&startdatetime=20260922000000&enddatetime=20260923000000,failed,response is unexpectedly short
2026-09-23T10:24:28.120380+00:00,data/raw/news/gdelt/RAINBOW/2026-09-22.json,,GDELT 2.1 DOC API,https://api.gdeltproject.org/api/v2/doc/doc?format=json&mode=artlist&maxrecords=250&query=%22Rainbow+Childrens+Medicare+Ltd.%22&startdatetime=20260922000000&enddatetime=20260923000000,failed,response is unexpectedly short
2026-09-23T10:25:21.385657+00:00,data/raw/news/gdelt/RKFORGE/2026-09-22.json,,GDELT 2.1 DOC API,https://api.gdeltproject.org/api/v2/doc/doc?format=json&mode=artlist&maxrecords=250&query=%22Ramkrishna+Forgings+Ltd.%22&startdatetime=20260922000000&enddatetime=20260923000000,failed,response is unexpectedly short
2026-09-23T10:26:28.590383+00:00,data/raw/news/gdelt/REDINGTON/2026-09-22.json,,GDELT 2.1 DOC API,https://api.gdeltproject.org/api/v2/doc/doc?format=json&mode=artlist&maxrecords=250&query=%22Redington+Ltd.%22&startdatetime=20260922000000&enddatetime=20260923000000,failed,response is unexpectedly short
2026-09-23T10:27:20.558766+00:00,data/raw/news/gdelt/RPOWER/2026-09-22.json,,GDELT 2.1 DOC API,https://api.gdeltproject.org/api/v2/doc/doc?format=json&mode=artlist&maxrecords=250&query=%22Reliance+Power+Ltd.%22&startdatetime=20260922000000&enddatetime=20260923000000,failed,response is unexpectedly short
2026-09-23T10:27:34.867561+00:00,data/raw/news/gdelt/SBFC/2026-09-22.json,,GDELT 2.1 DOC API,https://api.gdeltproject.org/api/v2/doc/doc?format=json&mode=artlist&maxrecords=250&query=%22SBFC+Finance+Ltd.%22&startdatetime=20260922000000&enddatetime=20260923000000,failed,response is unexpectedly short
2026-09-23T15:01:06.510557+00:00,data/raw/universe/nifty_smallcap_250_2026-09-23.csv,d109adb29310df0b9384594ae1ed9046d670fcc954a34ce7e87795afc2a541c4,Nifty Indices current constituent file,https://www.niftyindices.com/IndexConstituent/ind_niftysmallcap250list.csv,downloaded,
2026-09-23T17:02:06.776670+00:00,data/raw/universe/nifty_smallcap_250_2026-09-23.csv,d109adb29310df0b9384594ae1ed9046d670fcc954a34ce7e87795afc2a541c4,Nifty Indices current constituent file,https://www.niftyindices.com/IndexConstituent/ind_niftysmallcap250list.csv,downloaded,
2026-09-23T17:02:07.254688+00:00,data/raw/nse_bhavcopy/PR23092026.zip,,NSE Bhavcopy PR archive,https://nsearchives.nseindia.com/content/cm/PR23092026.zip,failed,HTTP Error 404: Not Found
2026-09-23T17:02:07.664623+00:00,data/raw/nse_bhavcopy/PR230926.zip,,NSE Bhavcopy PR archive,https://nsearchives.nseindia.com/content/cm/PR230926.zip,failed,HTTP Error 404: Not Found
2026-09-24T04:50:00.651383+00:00,data/raw/universe/nifty_smallcap_250_2026-09-24.csv,d109adb29310df0b9384594ae1ed9046d670fcc954a34ce7e87795afc2a541c4,Nifty Indices current constituent file,https://www.niftyindices.com/IndexConstituent/ind_niftysmallcap250list.csv,downloaded,
2026-09-24T04:52:29.255282+00:00,data/raw/news/gdelt/EIHOTEL/2026-09-23.json,,GDELT 2.1 DOC API,https://api.gdeltproject.org/api/v2/doc/doc?format=json&mode=artlist&maxrecords=250&query=%22EIH+Ltd.%22&startdatetime=20260923000000&enddatetime=20260924000000,failed,response is unexpectedly short
2026-09-24T04:53:07.463670+00:00,data/raw/news/gdelt/ELECON/2026-09-23.json,,GDELT 2.1 DOC API,https://api.gdeltproject.org/api/v2/doc/doc?format=json&mode=artlist&maxrecords=250&query=%22Elecon+Engineering+Co.+Ltd.%22&startdatetime=20260923000000&enddatetime=20260924000000,failed,response is unexpectedly short
2026-09-24T04:55:24.047729+00:00,data/raw/news/gdelt/ELGIEQUIP/2026-09-23.json,,GDELT 2.1 DOC API,https://api.gdeltproject.org/api/v2/doc/doc?format=json&mode=artlist&maxrecords=250&query=%22Elgi+Equipments+Ltd.%22&startdatetime=20260923000000&enddatetime=20260924000000,failed,response is unexpectedly short
2026-09-24T04:55:58.694464+00:00,data/raw/news/gdelt/EMAMILTD/2026-09-23.json,,GDELT 2.1 DOC API,https://api.gdeltproject.org/api/v2/doc/doc?format=json&mode=artlist&maxrecords=250&query=%22Emami+Ltd.%22&startdatetime=20260923000000&enddatetime=20260924000000,failed,response is unexpectedly short
2026-09-24T04:57:19.261178+00:00,data/raw/news/gdelt/EMCURE/2026-09-23.json,,GDELT 2.1 DOC API,https://api.gdeltproject.org/api/v2/doc/doc?format=json&mode=artlist&maxrecords=250&query=%22Emcure+Pharmaceuticals+Ltd.%22&startdatetime=20260923000000&enddatetime=20260924000000,failed,response is unexpectedly short
2026-09-24T04:59:26.026744+00:00,data/raw/news/gdelt/EMMVEE/2026-09-23.json,,GDELT 2.1 DOC API,https://api.gdeltproject.org/api/v2/doc/doc?format=json&mode=artlist&maxrecords=250&query=%22Emmvee+Photovoltaic+Power+Ltd.%22&startdatetime=20260923000000&enddatetime=20260924000000,failed,HTTP Error 429: Too Many Requests
2026-09-24T05:01:03.464601+00:00,data/raw/news/gdelt/ENGINERSIN/2026-09-23.json,,GDELT 2.1 DOC API,https://api.gdeltproject.org/api/v2/doc/doc?format=json&mode=artlist&maxrecords=250&query=%22Engineers+India+Ltd.%22&startdatetime=20260923000000&enddatetime=20260924000000,failed,response is unexpectedly short
2026-09-24T05:01:32.577745+00:00,data/raw/news/gdelt/ERIS/2026-09-23.json,,GDELT 2.1 DOC API,https://api.gdeltproject.org/api/v2/doc/doc?format=json&mode=artlist&maxrecords=250&query=%22Eris+Lifesciences+Ltd.%22&startdatetime=20260923000000&enddatetime=20260924000000,failed,response is unexpectedly short
2026-09-24T05:03:53.218512+00:00,data/raw/news/gdelt/FACT/2026-09-23.json,,GDELT 2.1 DOC API,https://api.gdeltproject.org/api/v2/doc/doc?format=json&mode=artlist&maxrecords=250&query=%22Fertilisers+and+Chemicals+Travancore+Ltd.%22&startdatetime=20260923000000&enddatetime=20260924000000,failed,HTTP Error 429: Too Many Requests
2026-09-24T05:04:11.777718+00:00,data/raw/news/gdelt/FINCABLES/2026-09-23.json,,GDELT 2.1 DOC API,https://api.gdeltproject.org/api/v2/doc/doc?format=json&mode=artlist&maxrecords=250&query=%22Finolex+Cables+Ltd.%22&startdatetime=20260923000000&enddatetime=20260924000000,failed,response is unexpectedly short
2026-09-24T05:06:28.397713+00:00,data/raw/news/gdelt/FSL/2026-09-23.json,,GDELT 2.1 DOC API,https://api.gdeltproject.org/api/v2/doc/doc?format=json&mode=artlist&maxrecords=250&query=%22Firstsource+Solutions+Ltd.%22&startdatetime=20260923000000&enddatetime=20260924000000,failed,HTTP Error 429: Too Many Requests
2026-09-24T05:07:22.189747+00:00,data/raw/news/gdelt/FIVESTAR/2026-09-23.json,,GDELT 2.1 DOC API,https://api.gdeltproject.org/api/v2/doc/doc?format=json&mode=artlist&maxrecords=250&query=%22Five-Star+Business+Finance+Ltd.%22&startdatetime=20260923000000&enddatetime=20260924000000,failed,response is unexpectedly short
2026-09-24T05:09:37.849974+00:00,data/raw/news/gdelt/FORCEMOT/2026-09-23.json,,GDELT 2.1 DOC API,https://api.gdeltproject.org/api/v2/doc/doc?format=json&mode=artlist&maxrecords=250&query=%22Force+Motors+Ltd.%22&startdatetime=20260923000000&enddatetime=20260924000000,failed,response is unexpectedly short
2026-09-24T05:11:57.046573+00:00,data/raw/news/gdelt/GABRIEL/2026-09-23.json,,GDELT 2.1 DOC API,https://api.gdeltproject.org/api/v2/doc/doc?format=json&mode=artlist&maxrecords=250&query=%22Gabriel+India+Ltd.%22&startdatetime=20260923000000&enddatetime=20260924000000,failed,response is unexpectedly short
2026-09-24T05:12:22.917333+00:00,data/raw/news/gdelt/GALLANTT/2026-09-23.json,18f21aee95f03cd55277c7a9a934a480ef4aa1ff875c240d9f286d74ad0c0013,GDELT 2.1 DOC API,https://api.gdeltproject.org/api/v2/doc/doc?format=json&mode=artlist&maxrecords=250&query=%22Gallantt+Ispat+Ltd.%22&startdatetime=20260923000000&enddatetime=20260924000000,downloaded,
2026-09-24T05:12:54.588757+00:00,data/raw/news/gdelt/GRSE/2026-09-23.json,,GDELT 2.1 DOC API,https://api.gdeltproject.org/api/v2/doc/doc?format=json&mode=artlist&maxrecords=250&query=%22Garden+Reach+Shipbuilders+%26+Engineers+Ltd.%22&startdatetime=20260923000000&enddatetime=20260924000000,failed,response is unexpectedly short
2026-09-24T05:15:10.724577+00:00,data/raw/news/gdelt/GILLETTE/2026-09-23.json,,GDELT 2.1 DOC API,https://api.gdeltproject.org/api/v2/doc/doc?format=json&mode=artlist&maxrecords=250&query=%22Gillette+India+Ltd.%22&startdatetime=20260923000000&enddatetime=20260924000000,failed,HTTP Error 429: Too Many Requests
2026-09-24T05:15:28.874401+00:00,data/raw/news/gdelt/GLAND/2026-09-23.json,,GDELT 2.1 DOC API,https://api.gdeltproject.org/api/v2/doc/doc?format=json&mode=artlist&maxrecords=250&query=%22Gland+Pharma+Ltd.%22&startdatetime=20260923000000&enddatetime=20260924000000,failed,response is unexpectedly short
2026-09-24T05:17:44.173201+00:00,data/raw/news/gdelt/GODIGIT/2026-09-23.json,,GDELT 2.1 DOC API,https://api.gdeltproject.org/api/v2/doc/doc?format=json&mode=artlist&maxrecords=250&query=%22Go+Digit+General+Insurance+Ltd.%22&startdatetime=20260923000000&enddatetime=20260924000000,failed,HTTP Error 429: Too Many Requests
2026-09-24T05:19:14.028008+00:00,data/raw/news/gdelt/GPIL/2026-09-23.json,,GDELT 2.1 DOC API,https://api.gdeltproject.org/api/v2/doc/doc?format=json&mode=artlist&maxrecords=250&query=%22Godawari+Power+%26+Ispat+Ltd.%22&startdatetime=20260923000000&enddatetime=20260924000000,failed,response is unexpectedly short
2026-09-24T10:00:40.236082+00:00,data/raw/universe/nifty_smallcap_250_2026-09-24.csv,d109adb29310df0b9384594ae1ed9046d670fcc954a34ce7e87795afc2a541c4,Nifty Indices current constituent file,https://www.niftyindices.com/IndexConstituent/ind_niftysmallcap250list.csv,downloaded,
2026-09-24T10:01:24.718459+00:00,data/raw/news/gdelt/SAGILITY/2026-09-23.json,,GDELT 2.1 DOC API,https://api.gdeltproject.org/api/v2/doc/doc?format=json&mode=artlist&maxrecords=250&query=%22Sagility+Ltd.%22&startdatetime=20260923000000&enddatetime=20260924000000,failed,response is unexpectedly short
2026-09-24T10:03:59.232646+00:00,data/raw/news/gdelt/SAILIFE/2026-09-23.json,,GDELT 2.1 DOC API,https://api.gdeltproject.org/api/v2/doc/doc?format=json&mode=artlist&maxrecords=250&query=%22Sai+Life+Sciences+Ltd.%22&startdatetime=20260923000000&enddatetime=20260924000000,failed,HTTP Error 429: Too Many Requests
2026-09-24T10:06:16.496646+00:00,data/raw/news/gdelt/SAMMAANCAP/2026-09-23.json,,GDELT 2.1 DOC API,https://api.gdeltproject.org/api/v2/doc/doc?format=json&mode=artlist&maxrecords=250&query=%22Sammaan+Capital+Ltd.%22&startdatetime=20260923000000&enddatetime=20260924000000,failed,HTTP Error 429: Too Many Requests
2026-09-24T10:08:27.043363+00:00,data/raw/news/gdelt/SAPPHIRE/2026-09-23.json,,GDELT 2.1 DOC API,https://api.gdeltproject.org/api/v2/doc/doc?format=json&mode=artlist&maxrecords=250&query=%22Sapphire+Foods+India+Ltd.%22&startdatetime=20260923000000&enddatetime=20260924000000,failed,HTTP Error 429: Too Many Requests
2026-09-24T10:10:37.511834+00:00,data/raw/news/gdelt/SARDAEN/2026-09-23.json,,GDELT 2.1 DOC API,https://api.gdeltproject.org/api/v2/doc/doc?format=json&mode=artlist&maxrecords=250&query=%22Sarda+Energy+and+Minerals+Ltd.%22&startdatetime=20260923000000&enddatetime=20260924000000,failed,HTTP Error 429: Too Many Requests
2026-09-24T10:11:06.555138+00:00,data/raw/news/gdelt/SAREGAMA/2026-09-23.json,,GDELT 2.1 DOC API,https://api.gdeltproject.org/api/v2/doc/doc?format=json&mode=artlist&maxrecords=250&query=%22Saregama+India+Ltd%22&startdatetime=20260923000000&enddatetime=20260924000000,failed,response is unexpectedly short
2026-09-24T10:13:20.303843+00:00,data/raw/news/gdelt/SCHNEIDER/2026-09-23.json,,GDELT 2.1 DOC API,https://api.gdeltproject.org/api/v2/doc/doc?format=json&mode=artlist&maxrecords=250&query=%22Schneider+Electric+Infrastructure+Ltd.%22&startdatetime=20260923000000&enddatetime=20260924000000,failed,HTTP Error 429: Too Many Requests
2026-09-24T10:13:32.806798+00:00,data/raw/news/gdelt/SCI/2026-09-23.json,,GDELT 2.1 DOC API,https://api.gdeltproject.org/api/v2/doc/doc?format=json&mode=artlist&maxrecords=250&query=%22Shipping+Corporation+of+India+Ltd.%22&startdatetime=20260923000000&enddatetime=20260924000000,failed,response is unexpectedly short
2026-09-24T10:13:49.079072+00:00,data/raw/news/gdelt/SHYAMMETL/2026-09-23.json,,GDELT 2.1 DOC API,https://api.gdeltproject.org/api/v2/doc/doc?format=json&mode=artlist&maxrecords=250&query=%22Shyam+Metalics+and+Energy+Ltd.%22&startdatetime=20260923000000&enddatetime=20260924000000,failed,response is unexpectedly short
2026-09-24T10:14:25.695756+00:00,data/raw/news/gdelt/SIGNATURE/2026-09-23.json,,GDELT 2.1 DOC API,https://api.gdeltproject.org/api/v2/doc/doc?format=json&mode=artlist&maxrecords=250&query=%22Signatureglobal+%28India%29+Ltd.%22&startdatetime=20260923000000&enddatetime=20260924000000,failed,response is unexpectedly short
2026-09-24T10:15:57.524445+00:00,data/raw/news/gdelt/SOBHA/2026-09-23.json,,GDELT 2.1 DOC API,https://api.gdeltproject.org/api/v2/doc/doc?format=json&mode=artlist&maxrecords=250&query=%22Sobha+Ltd.%22&startdatetime=20260923000000&enddatetime=20260924000000,failed,response is unexpectedly short
2026-09-24T10:16:55.545651+00:00,data/raw/news/gdelt/SONACOMS/2026-09-23.json,85cc9299e948a50922ef9112406a7b543eb724385ee2b2554958b6809c159461,GDELT 2.1 DOC API,https://api.gdeltproject.org/api/v2/doc/doc?format=json&mode=artlist&maxrecords=250&query=%22Sona+BLW+Precision+Forgings+Ltd.%22&startdatetime=20260923000000&enddatetime=20260924000000,downloaded,
2026-09-24T10:19:08.558935+00:00,data/raw/news/gdelt/SONATSOFTW/2026-09-23.json,,GDELT 2.1 DOC API,https://api.gdeltproject.org/api/v2/doc/doc?format=json&mode=artlist&maxrecords=250&query=%22Sonata+Software+Ltd.%22&startdatetime=20260923000000&enddatetime=20260924000000,failed,HTTP Error 429: Too Many Requests
2026-09-24T10:19:24.350744+00:00,data/raw/news/gdelt/STARHEALTH/2026-09-23.json,,GDELT 2.1 DOC API,https://api.gdeltproject.org/api/v2/doc/doc?format=json&mode=artlist&maxrecords=250&query=%22Star+Health+and+Allied+Insurance+Company+Ltd.%22&startdatetime=20260923000000&enddatetime=20260924000000,failed,response is unexpectedly short
2026-09-24T10:20:59.202691+00:00,data/raw/news/gdelt/SUMICHEM/2026-09-23.json,,GDELT 2.1 DOC API,https://api.gdeltproject.org/api/v2/doc/doc?format=json&mode=artlist&maxrecords=250&query=%22Sumitomo+Chemical+India+Ltd.%22&startdatetime=20260923000000&enddatetime=20260924000000,failed,response is unexpectedly short
2026-09-24T10:23:15.448726+00:00,data/raw/news/gdelt/SUNTV/2026-09-23.json,,GDELT 2.1 DOC API,https://api.gdeltproject.org/api/v2/doc/doc?format=json&mode=artlist&maxrecords=250&query=%22Sun+TV+Network+Ltd.%22&startdatetime=20260923000000&enddatetime=20260924000000,failed,HTTP Error 429: Too Many Requests
2026-09-24T10:24:03.931987+00:00,data/raw/news/gdelt/SPLPETRO/2026-09-23.json,,GDELT 2.1 DOC API,https://api.gdeltproject.org/api/v2/doc/doc?format=json&mode=artlist&maxrecords=250&query=%22Supreme+Petrochem+Ltd.%22&startdatetime=20260923000000&enddatetime=20260924000000,failed,response is unexpectedly short
2026-09-24T10:26:18.080102+00:00,data/raw/news/gdelt/SWANCORP/2026-09-23.json,,GDELT 2.1 DOC API,https://api.gdeltproject.org/api/v2/doc/doc?format=json&mode=artlist&maxrecords=250&query=%22Swan+Corp+Ltd.%22&startdatetime=20260923000000&enddatetime=20260924000000,failed,response is unexpectedly short
2026-09-24T10:27:05.654590+00:00,data/raw/news/gdelt/SYNGENE/2026-09-23.json,,GDELT 2.1 DOC API,https://api.gdeltproject.org/api/v2/doc/doc?format=json&mode=artlist&maxrecords=250&query=%22Syngene+International+Ltd.%22&startdatetime=20260923000000&enddatetime=20260924000000,failed,response is unexpectedly short
2026-09-24T10:27:59.658081+00:00,data/raw/news/gdelt/SYRMA/2026-09-23.json,,GDELT 2.1 DOC API,https://api.gdeltproject.org/api/v2/doc/doc?format=json&mode=artlist&maxrecords=250&query=%22Syrma+SGS+Technology+Ltd.%22&startdatetime=20260923000000&enddatetime=20260924000000,failed,response is unexpectedly short
